China,
Lat,Lon
53.529164,123.374563
53.522491,123.442745
53.539436,123.4872
53.542218,123.535263
53.543609,123.614709
53.480545,123.866382
53.473045,123.889972
53.464718,123.910809
53.431264,123.981463
53.408464,124.005127
53.385827,124.021791
53.340827,124.104427
53.336236,124.133182
53.349718,124.159982
53.360827,124.194427
53.363054,124.229427
53.3468,124.269009
53.32,124.296772
53.287918,124.322209
53.255554,124.338863
53.212209,124.402209
53.188327,124.493309
53.188882,124.515263
53.190409,124.545818
53.191654,124.614436
53.187764,124.643872
53.170545,124.691782
53.126936,124.818327
53.146727,124.879009
53.171936,124.919009
53.182773,124.963609
53.186654,124.988309
53.195545,125.061918
53.197491,125.134163
53.193045,125.164991
53.149718,125.2811
53.118327,125.356091
53.101664,125.398609
53.069164,125.485527
53.056936,125.568327
53.050273,125.620045
52.981518,125.727482
52.945691,125.722272
52.932073,125.6883
52.9236,125.660263
52.897564,125.644991
52.8752,125.657345
52.884718,125.722491
52.889991,125.744427
52.862836,125.855745
52.836109,125.875809
52.763954,125.972891
52.777973,126.010954
52.781591,126.064845
52.757218,126.096791
52.7161,126.0372
52.637491,125.972972
52.610827,125.976645
52.5761,125.994282
52.564309,126.0332
52.580554,126.0604
52.589154,126.086863
52.544027,126.179982
52.527773,126.201782
52.51,126.213191
52.501391,126.209427
52.476445,126.196354
52.460691,126.209018
52.463391,126.2388
52.453464,126.275672
52.395827,126.333882
52.369154,126.347272
52.291664,126.3486
52.234709,126.327763
52.212554,126.307482
52.192218,126.318882
52.183045,126.351927
52.176382,126.391372
52.165691,126.469845
52.159718,126.490536
52.126936,126.554982
52.069445,126.534572
52.037354,126.509427
52.034027,126.476791
52.020691,126.454563
51.994364,126.441227
51.929991,126.4711
51.787218,126.609154
51.710091,126.718382
51.634091,126.726372
51.423118,126.794427
51.405264,126.868872
51.398609,126.8936
51.381382,126.913882
51.350345,126.890382
51.344036,126.855809
51.327354,126.819845
51.304573,126.807336
51.265554,126.817618
51.241245,126.8511
51.241173,126.893527
51.260618,126.900263
51.303154,126.893772
51.314045,126.937391
51.319227,126.968872
51.299718,126.975191
51.242218,126.932063
51.210691,126.9061
51.1811,126.898745
51.125264,126.912491
51.058254,126.9331
50.955354,127.046109
50.929436,127.106091
50.909573,127.133182
50.888464,127.150545
50.824718,127.193036
50.741382,127.291927
50.684709,127.279209
50.648182,127.309772
50.595864,127.358582
50.576109,127.366918
50.551245,127.361782
50.524573,127.333172
50.459227,127.290882
50.314718,127.334018
50.299436,127.351654
50.2868,127.375536
50.278327,127.3961
50.265827,127.434418
50.257218,127.469009
50.2311,127.543318
50.2161,127.575545
50.208564,127.586063
50.197609,127.587309
50.167709,127.585527
50.136936,127.574436
50.108182,127.550327
50.067218,127.503182
50.045418,127.489554
50.018882,127.485945
49.827491,127.506245
49.805882,127.515009
49.785827,127.535672
49.777354,127.5636
49.772491,127.591663
49.765,127.628309
49.746036,127.671782
49.708182,127.678454
49.670409,127.688791
49.6536,127.713045
49.592627,127.818318
49.586654,127.838045
49.536664,128.102754
49.534164,128.186763
49.536945,128.214418
49.548327,128.244982
49.577073,128.397754
49.587491,128.513445
49.592218,128.653045
49.584436,128.711909
49.568191,128.790254
49.546936,128.803318
49.477764,128.875245
49.435964,129.002445
49.415273,129.024109
49.385136,129.039263
49.363964,129.052309
49.352791,129.076872
49.346754,129.111782
49.352391,129.136354
49.375927,129.165509
49.387518,129.184709
49.427864,129.3905
49.431345,129.4212
49.4158,129.4902
49.404582,129.511536
49.391236,129.523463
49.313864,129.530718
49.287764,129.552445
49.2736,129.579936
49.268327,129.605209
49.277364,129.653563
49.2789,129.686036
49.262173,129.725536
49.227654,129.7366
49.202309,129.732091
49.181554,129.746318
49.170164,129.773563
49.071718,129.912709
49.041727,129.907636
48.932209,130.110509
48.878736,130.200672
48.864645,130.224609
48.860273,130.264282
48.884991,130.352172
48.891382,130.380245
48.8961,130.418027
48.892354,130.451491
48.878327,130.472454
48.860973,130.484682
48.851518,130.509018
48.851664,130.538027
48.856382,130.564272
48.874645,130.627682
48.875409,130.642818
48.860409,130.674
48.839709,130.670536
48.810545,130.633845
48.713327,130.577182
48.6261,130.528872
48.605754,130.523591
48.519991,130.609409
48.429436,130.737454
48.3268,130.823991
48.293891,130.8315
48.192491,130.753872
48.138954,130.678372
48.108391,130.659836
48.047636,130.679563
47.988045,130.758027
47.965,130.798036
47.931109,130.853854
47.906236,130.883727
47.865273,130.9133
47.8386,130.929963
47.817491,130.939836
47.797773,130.946072
47.740827,130.935109
47.720273,130.939972
47.706109,130.954682
47.687209,130.992172
47.677491,131.030809
47.672182,131.085936
47.693045,131.1597
47.706382,131.197209
47.718045,131.224682
47.730264,131.268191
47.7386,131.416654
47.737773,131.446363
47.731936,131.486754
47.719227,131.534972
47.697491,131.547054
47.663882,131.618009
47.674709,131.815245
47.669991,131.914982
47.692764,132.121609
47.713464,132.2108
47.728045,132.255245
47.736382,132.2897
47.742491,132.341063
47.742073,132.365236
47.736245,132.389263
47.725264,132.418309
47.716936,132.466372
47.710273,132.521091
47.713882,132.542482
47.733254,132.577882
47.871936,132.662063
47.994436,132.863863
48.098882,133.082736
48.109436,133.194118
48.104164,133.272218
48.085409,133.428727
48.0743,133.449263
48.068882,133.484272
48.0759,133.515182
48.098873,133.5408
48.120827,133.555818
48.1518,133.573718
48.174018,133.596345
48.249718,133.751372
48.264164,133.884709
48.305691,134.010954
48.323054,134.039272
48.329436,134.066372
48.342491,134.206909
48.391118,134.415345
48.378745,134.432109
48.359718,134.463863
48.350273,134.482727
48.291664,134.643863
48.271282,134.717472
48.267127,134.740754
48.260409,134.716418
48.214727,134.680754
48.182836,134.686154
48.155264,134.681363
48.100618,134.661027
48.088045,134.636763
48.076245,134.601627
48.060409,134.581772
48.032082,134.566227
47.992073,134.5576
47.911091,134.593654
47.8009,134.684354
47.7765,134.714954
47.737282,134.768463
47.700273,134.760818
47.469145,134.554782
47.429573,134.485791
47.427491,134.459136
47.431309,134.417327
47.430827,134.387482
47.426245,134.342745
47.421109,134.3147
47.413609,134.295809
47.323327,134.182463
47.2486,134.149291
47.181109,134.190518
47.129982,134.222836
47.099673,134.215191
47.083918,134.187163
47.076691,134.137127
47.055827,134.113591
46.954164,134.0658
46.860491,134.039363
46.766827,134.043291
46.666664,134.019436
46.644154,134.005245
46.640164,133.997745
46.633609,133.997463
46.611318,133.970927
46.578118,133.908918
46.478882,133.847182
46.443227,133.850527
46.421218,133.9028
46.381882,133.929718
46.253627,133.901609
46.194991,133.830245
46.155818,133.744691
46.069027,133.723827
45.935164,133.660236
45.871291,133.5795
45.884645,133.5506
45.883418,133.521091
45.823464,133.476054
45.797736,133.474945
45.678254,133.487536
45.624573,133.470245
45.589718,133.417209
45.569991,133.382172
45.516109,133.244109
45.511109,133.216627
45.503818,133.192245
45.450827,133.149136
45.414573,133.130236
45.294445,133.1019
45.228882,133.0992
45.197209,133.113863
45.164718,133.126209
45.124573,133.117463
45.088882,133.074672
45.056936,133.025272
45.024582,132.952609
45.021409,132.931454
45.038182,132.871291
45.064991,132.799409
45.116391,132.568027
45.1611,132.364136
45.175273,132.299136
45.213609,132.122745
45.241436,131.992427
45.255964,131.961363
45.286109,131.923718
45.308609,131.910382
45.337564,131.8958
45.345818,131.868436
45.3343,131.836154
45.2161,131.703309
45.133736,131.652754
45.108054,131.646382
45.091518,131.628018
44.973873,131.469118
44.970954,131.341082
44.955127,131.314409
44.9318,131.286163
44.910545,131.212463
44.911864,131.177127
44.928054,131.149272
44.927354,131.124545
44.9186,131.092191
44.909718,131.067745
44.836491,130.952991
44.781936,131.000672
44.773045,131.019836
44.753464,131.055591
44.691373,131.095518
44.585818,131.128572
44.184718,131.255554
44.093609,131.284972
44.051936,131.298036
44.037354,131.262754
44.021382,131.244418
43.973873,131.231082
43.818882,131.199127
43.536245,131.191227
43.511664,131.223018
43.505554,131.235509
43.481936,131.272763
43.473418,131.283054
43.457145,131.301009
43.389582,131.310391
43.270273,131.264163
43.185818,131.191927
43.038891,131.1062
43.015554,131.103027
42.982209,131.103991
42.958609,131.114963
42.939709,131.133372
42.916445,131.128491
42.857082,131.021363
42.8518,130.887191
42.857773,130.865509
42.870273,130.841645
42.8761,130.818572
42.871936,130.795536
42.831664,130.638027
42.789991,130.532745
42.765273,130.475527
42.744854,130.432736
42.703118,130.411118
42.679164,130.471145
42.684854,130.497327
42.682,130.536091
42.645,130.584963
42.619709,130.605227
42.585409,130.618709
42.5636,130.607463
42.4811,130.580263
42.421864,130.604372
42.427145,130.586491
42.443045,130.567472
42.537218,130.522491
42.568054,130.514163
42.617491,130.376618
42.6418,130.328445
42.714154,130.246782
42.786245,130.236218
42.811664,130.243291
42.831664,130.250272
42.887945,130.251418
42.906654,130.193163
42.958045,130.034145
42.9954,129.947554
43.0061,129.929218
43.004573,129.904591
42.991791,129.877672
42.942482,129.847045
42.853609,129.807463
42.713882,129.753309
42.547491,129.725509
42.522218,129.732882
42.4754,129.728291
42.452491,129.716627
42.435818,129.695527
42.386936,129.514709
42.432773,129.445118
42.446236,129.349272
42.375827,129.246063
42.265827,129.209409
42.221309,129.211209
42.168054,129.152463
42.139436,129.114409
42.094991,129.016691
42.094191,129.0141
42.0784,128.958082
42.052073,128.949263
42.027354,128.926927
42.022764,128.895536
42.029718,128.844972
42.021027,128.683091
42.000273,128.570254
41.995545,128.497054
41.997627,128.472882
42.012773,128.4467
42.0286,128.422482
42.0375,128.361354
42.039718,128.336091
42.038327,128.275527
42.001245,128.056636
41.981645,128.050109
41.910545,128.060791
41.884991,128.068845
41.803045,128.098436
41.714573,128.155672
41.676382,128.203854
41.663882,128.226627
41.650409,128.254272
41.636936,128.269436
41.582836,128.300245
41.530273,128.2822
41.4411,128.222472
41.407491,128.192672
41.381236,128.152909
41.371791,128.114336
41.389436,128.044127
41.415827,128.011654
41.447345,127.928027
41.424164,127.871091
41.409991,127.835272
41.413127,127.694154
41.418054,127.620818
41.472491,127.270827
41.529991,127.159418
41.593609,127.134991
41.621373,127.100809
41.6435,127.057036
41.6911,127.060809
41.708327,127.048027
41.796109,126.927618
41.792218,126.904709
41.761382,126.868863
41.735827,126.8479
41.708045,126.795536
41.6911,126.712772
41.660545,126.645536
41.611764,126.566082
41.589718,126.568045
41.570827,126.583182
41.389991,126.510272
41.366727,126.484
41.357218,126.4561
41.342491,126.437763
41.319164,126.4111
41.275691,126.366927
41.214436,126.309982
41.172627,126.286227
41.152773,126.279163
41.034718,126.124691
40.896936,126.011791
40.877627,125.932545
40.859973,125.703109
40.852145,125.688582
40.8026,125.649845
40.755827,125.603863
40.741382,125.553036
40.703327,125.457491
40.6538,125.412691
40.639991,125.369136
40.649991,125.314991
40.647491,125.2861
40.585264,125.140545
40.5375,125.042763
40.494164,125.024709
40.460682,125.039982
40.459164,124.9622
40.470373,124.885127
40.396664,124.812472
40.307009,124.710991
40.2968,124.688718
40.283609,124.626927
40.242218,124.5547
40.130273,124.410809
40.102218,124.381363
40.093618,124.3736
40.094436,124.367963
40.069645,124.356854
40.035273,124.364563
40.009582,124.362754
39.981936,124.344436
39.927773,124.291654
39.827773,124.128027
39.813045,124.013609
39.809991,123.985263
39.821382,123.7754
39.823882,123.7397
39.831654,123.698036
39.7686,123.551091
39.734436,123.406936
39.777491,123.378036
39.8143,123.2422
39.748882,123.209991
39.723182,123.248454
39.699291,123.2638
39.673882,123.216663
39.658527,123.145472
39.635682,122.995809
39.609164,122.965554
39.581936,122.814418
39.552218,122.774427
39.466936,122.586927
39.409991,122.458454
39.4086,122.424427
39.411664,122.398609
39.384718,122.352763
39.345827,122.287772
39.330964,122.281518
39.269436,122.233872
39.141109,122.131363
39.0352,121.946718
39.047218,121.9136
39.030273,121.724018
38.996382,121.648036
38.952218,121.6436
38.925682,121.654854
38.917073,121.676927
38.890136,121.7104
38.8611,121.698182
38.810545,121.474991
38.806382,121.447745
38.803318,121.411927
38.807209,121.387209
38.815827,121.363591
38.812491,121.336091
38.784164,121.262772
38.771518,121.239836
38.719082,121.187336
38.732182,121.138282
38.762773,121.121645
38.912209,121.088672
38.943673,121.127482
38.947773,121.1861
38.934154,121.218518
39.0125,121.4397
39.047218,121.540263
39.064709,121.601927
39.066382,121.615536
39.073609,121.651509
39.090127,121.679427
39.118327,121.6879
39.157773,121.643882
39.183809,121.5961
39.2186,121.599427
39.351664,121.7511
39.3575,121.662491
39.357218,121.639972
39.359436,121.533863
39.367354,121.509154
39.392491,121.483872
39.426654,121.475272
39.464427,121.463809
39.511664,121.431663
39.519991,121.379154
39.522073,121.353591
39.512082,121.332491
39.497773,121.3097
39.528464,121.228345
39.581664,121.299145
39.626654,121.461927
39.623218,121.533009
39.685718,121.534209
39.684436,121.503882
39.7436,121.455409
39.811382,121.468318
39.861245,121.539982
39.925691,121.696918
39.920273,121.716936
39.912073,121.757282
39.920545,121.781372
40.003054,121.880954
40.130264,121.9986
40.243882,122.105818
40.354436,122.195536
40.471927,122.287772
40.505618,122.298663
40.533609,122.282491
40.679991,122.131363
40.738745,122.052127
40.778327,121.939418
40.840827,121.751391
40.837773,121.728863
40.834164,121.6736
40.8336,121.6147
40.841309,121.558936
40.866027,121.542127
40.888045,121.523882
40.931382,121.363736
40.924436,121.197745
40.921936,121.177463
40.871373,121.108872
40.839427,121.081672
40.829373,121.001645
40.815345,120.969845
40.7502,120.936363
40.727554,120.952472
40.7302,120.996091
40.711036,121.032418
40.675,120.9286
40.6761,120.895536
40.671109,120.844427
40.6611,120.825818
40.5125,120.679427
40.392564,120.540118
40.258673,120.503527
40.2386,120.498027
40.1961,120.446782
40.188045,120.426372
40.148609,120.280818
40.107773,120.152482
40.066664,120.024427
40.040554,119.946372
40.0286,119.925809
39.982209,119.851382
39.973045,119.812482
39.929991,119.657491
39.905264,119.589709
39.872418,119.526445
39.712073,119.3395
39.5511,119.255827
39.406727,119.255682
39.384991,119.2361
39.347209,119.176372
39.3186,119.132754
39.243218,119.055354
39.188045,119.009163
39.156936,118.971518
39.123945,118.899009
39.148464,118.915545
39.161518,118.942754
39.190127,118.967482
39.179164,118.840818
39.1536,118.784709
39.144018,118.755127
39.149509,118.7184
39.176654,118.661927
39.189291,118.609145
39.162073,118.544145
39.147209,118.525963
39.123045,118.508118
39.065545,118.397772
39.0536,118.369427
39.040827,118.327282
39.073818,118.241636
39.107009,118.235191
39.132764,118.216663
39.171936,118.1779
39.1911,118.150054
39.201664,118.1236
39.223045,118.055263
39.220827,118.023609
39.216936,118.009991
39.198464,117.889
39.182209,117.852482
39.165545,117.819718
39.153318,117.799427
39.105,117.743872
39.069991,117.727482
39.024436,117.723172
38.898327,117.650818
38.835545,117.604572
38.802773,117.585272
38.775273,117.571927
38.675554,117.536372
38.640827,117.540672
38.616664,117.545582
38.612773,117.5461
38.592491,117.553591
38.465827,117.621372
38.4361,117.639972
38.413609,117.654427
38.386654,117.672209
38.363327,117.695254
38.348327,117.710818
38.326945,117.736645
38.273882,117.803172
38.2639,117.826518
38.244436,117.883882
38.167209,118.028054
38.146382,118.110527
38.145273,118.185809
38.129154,118.357209
38.1134,118.452136
38.100545,118.4836
38.110827,118.599154
38.142491,118.7122
38.158882,118.794436
38.152909,118.837763
38.038464,118.951654
37.904991,119.026382
37.878318,119.035536
37.762218,119.049145
37.666518,119.0379
37.640827,119.0061
37.616245,118.983318
37.594436,118.970682
37.575827,118.963318
37.539991,118.9538
37.381382,118.937763
37.342491,118.940809
37.300545,118.956645
37.270827,118.9711
37.187491,119.1272
37.171109,119.158863
37.143609,119.232754
37.139436,119.2536
37.131664,119.297763
37.122773,119.395827
37.1236,119.453045
37.127491,119.482763
37.136518,119.5143
37.137773,119.546654
37.136382,119.587772
37.132209,119.642763
37.138045,119.7122
37.143054,119.744418
37.151382,119.767209
37.216936,119.861363
37.239991,119.886091
37.263191,119.894018
37.286518,119.887082
37.323327,119.861236
37.352282,119.852909
37.416382,119.994709
37.425827,120.036918
37.431936,120.058872
37.4761,120.141663
37.511664,120.194009
37.602909,120.307818
37.643882,120.322
37.662491,120.309418
37.685264,120.348872
37.708045,120.405254
37.748327,120.506654
37.766936,120.580272
37.788054,120.660954
37.806309,120.684909
37.826109,120.710818
37.834991,120.737072
37.828327,120.878036
37.811454,120.9324
37.780964,120.935154
37.756945,120.960272
37.653318,121.127482
37.596727,121.138527
37.579164,121.1611
37.5536,121.382754
37.466518,121.478463
37.424573,121.579991
37.429718,121.633327
37.439618,121.669409
37.458045,121.6947
37.460545,121.821663
37.461109,121.940536
37.474436,121.975809
37.512773,122.018882
37.536664,122.067754
37.552564,122.128172
37.512082,122.150054
37.493327,122.126963
37.464436,122.135272
37.425964,122.161791
37.418327,122.181372
37.396245,122.558582
37.209991,122.597209
37.149991,122.534709
37.148673,122.4979
37.131173,122.477409
37.105827,122.467482
37.143636,122.452382
37.025827,122.400545
36.999573,122.410409
37.005,122.433591
37.019782,122.539154
36.909918,122.523318
36.893609,122.504709
36.827773,122.354427
36.823327,122.312472
36.842973,122.192336
36.8736,122.175263
36.944154,122.1647
36.984991,122.044982
37.000273,121.956645
36.978527,121.919082
36.933536,121.938309
36.838882,121.7372
36.758891,121.594436
36.749791,121.522491
36.779282,121.511172
36.791518,121.544709
36.8361,121.606572
36.844227,121.585263
36.837491,121.551091
36.821109,121.489436
36.772664,121.448436
36.722764,121.372754
36.712491,121.341372
36.704718,121.286654
36.686791,121.204709
36.677491,121.175536
36.654991,121.134718
36.639164,121.1111
36.620273,121.089982
36.604573,121.070127
36.581,121.015745
36.596436,120.952182
36.6193,120.930672
36.639164,120.875809
36.647354,120.8429
36.645273,120.820545
36.616654,120.776382
36.594436,120.752491
36.555409,120.738236
36.536664,120.773463
36.547909,120.795327
36.573118,120.806991
36.600064,120.835891
36.600273,120.858318
36.550664,120.940563
36.526382,120.959991
36.401927,120.898036
36.375827,120.875263
36.372764,120.8647
36.420545,120.8436
36.459227,120.818245
36.462627,120.779709
36.456518,120.754572
36.422773,120.706236
36.380827,120.6829
36.262482,120.671236
36.140745,120.695627
36.055191,120.417918
36.0419,120.343591
36.060654,120.291891
36.091664,120.316091
36.172927,120.354709
36.196064,120.353245
36.263445,120.307809
36.261854,120.287009
36.202745,120.2724
36.208882,120.161909
36.207209,120.115245
36.199982,120.088854
36.134518,120.083954
36.108173,120.090927
35.979709,120.180254
35.959436,120.237763
35.919154,120.152209
35.900273,120.099291
35.869991,120.055254
35.742773,119.906654
35.649573,119.9029
35.621654,119.8286
35.617909,119.725682
35.578927,119.647454
35.539718,119.634163
35.508609,119.620818
35.459436,119.594436
35.377209,119.549709
35.333045,119.514709
35.309991,119.451663
35.283054,119.423863
35.248882,119.401382
35.2243,119.390127
35.180545,119.380809
35.134718,119.375672
35.1125,119.370254
35.094018,119.349154
35.068154,119.2803
35.066382,119.234909
35.054018,119.2118
35.029573,119.200391
34.884991,119.176091
34.769718,119.197482
34.757773,119.223309
34.750827,119.261109
34.747773,119.285809
34.747773,119.308591
34.758327,119.328882
34.763327,119.368318
34.7461,119.437763
34.733464,119.457627
34.704018,119.477054
34.684154,119.462345
34.607491,119.534909
34.528064,119.651982
34.4718,119.795
34.461654,119.832627
34.458609,119.856236
34.460682,119.893391
34.456382,119.924282
34.430273,119.986927
34.311454,120.248736
34.181664,120.314991
34.123318,120.340818
34.041936,120.368045
33.959436,120.393336
33.761936,120.480818
33.657209,120.498318
33.557909,120.548036
33.499164,120.591927
33.487073,120.611918
33.455827,120.636109
33.420682,120.649018
33.370273,120.656372
33.329509,120.662
33.231654,120.734418
33.165682,120.786518
33.136245,120.803172
32.974991,120.885818
32.895273,120.894991
32.796945,120.879154
32.714709,120.836109
32.696518,120.826372
32.657209,120.827618
32.638882,120.837491
32.588882,120.930818
32.516109,121.100272
32.490273,121.178309
32.466936,121.260818
32.453882,121.294836
32.429573,121.334845
32.366936,121.407063
32.243809,121.419418
32.233118,121.380254
32.113327,121.441227
32.113882,121.473872
32.116036,121.519982
32.103054,121.560254
32.054436,121.660809
32.044018,121.678318
32.021664,121.706645
31.9986,121.738872
31.916245,121.829018
31.889718,121.840272
31.761945,121.890263
31.741527,121.896518
31.693191,121.893463
31.6784,121.873727
31.678327,121.827472
31.696382,121.714709
31.712836,121.647
31.737218,121.6122
31.758054,121.576663
31.812909,121.482054
31.833745,121.431354
31.870273,121.291518
31.859927,121.070191
31.866391,120.944427
31.928654,120.898527
31.948327,120.883609
31.979718,120.855554
31.998327,120.836091
32.017491,120.812763
32.030545,120.789427
32.055964,120.737018
32.065827,120.707763
32.086109,120.641372
32.093609,120.601927
32.1018,120.507418
32.092436,120.472027
32.0761,120.441091
32.017209,120.354427
31.998118,120.331091
31.971109,120.307618
31.946727,120.2727
31.937354,120.239418
31.933609,120.217482
31.933882,120.188309
31.945554,120.099009
31.961936,120.056091
31.982427,120.018109
32.045827,119.964154
32.109718,119.918054
32.147282,119.904636
32.195264,119.900272
32.274645,119.861718
32.306382,119.826663
32.318054,119.796372
32.327291,119.761791
32.315545,119.715554
32.303045,119.680818
32.262773,119.631654
32.190645,119.613109
32.192836,119.649154
32.225818,119.674582
32.236273,119.694109
32.210473,119.728272
32.188045,119.7872
32.156091,119.764527
32.119836,119.768009
32.105554,119.806636
32.066845,119.8726
32.005554,119.870245
31.991936,119.885045
31.945545,119.995818
31.913327,120.1022
31.903882,120.136372
31.899436,120.181927
31.903191,120.225536
31.917773,120.272772
31.954718,120.377763
32.015754,120.433591
32.0211,120.499154
31.988327,120.702618
31.970136,120.732472
31.8743,120.7897
31.8168,120.768945
31.8325,120.738309
31.852909,120.721091
31.819436,120.719636
31.799164,120.748872
31.754445,120.854009
31.7493,120.879282
31.751945,120.930536
31.754373,120.961791
31.707218,121.084018
31.620691,121.2254
31.578191,121.265263
31.492218,121.325145
31.473882,121.362491
31.418609,121.4511
31.347909,121.601654
31.325418,121.644427
31.308891,121.668054
31.288745,121.694563
31.273745,121.709845
31.232218,121.741363
31.211245,121.756518
31.171382,121.780272
31.126109,121.805254
31.008327,121.869709
30.979854,121.882763
30.927909,121.891654
30.870691,121.8747
30.853054,121.846927
30.851527,121.792763
30.859445,121.760972
30.862773,121.7336
30.863054,121.698318
30.855,121.634427
30.843609,121.559418
30.816391,121.469145
30.800136,121.436782
30.767909,121.393045
30.716936,121.354427
30.702773,121.334436
30.688064,121.275418
30.683327,121.256236
30.6718,121.219982
30.568882,120.991509
30.537918,120.960963
30.503191,120.944145
30.470827,120.932209
30.449091,120.931854
30.418809,120.936854
30.363882,120.875263
30.335554,120.814418
30.328745,120.795536
30.338264,120.751018
30.374854,120.714709
30.387636,120.691227
30.397564,120.649218
30.392982,120.458591
30.371664,120.391872
30.196936,120.149991
30.222218,120.305254
30.284718,120.406154
30.306527,120.454845
30.312218,120.478327
30.310273,120.508191
30.3,120.525827
30.277218,120.538036
30.203882,120.566936
30.165136,120.577763
30.126945,120.599427
30.110482,120.615109
30.0825,120.674991
30.064645,120.791582
30.091109,120.776091
30.129718,120.838882
30.259109,121.072145
30.291109,121.140263
30.301245,121.170536
30.304718,121.199418
30.305418,121.2204
30.304582,121.280809
30.299854,121.301372
30.278609,121.350536
30.247909,121.406372
30.185273,121.4836
30.161664,121.505254
30.121936,121.529427
30.013609,121.612491
29.991245,121.635118
29.963054,121.677754
29.955964,121.728036
29.946945,121.800809
29.920554,121.854427
29.881382,121.939
29.881636,122.026627
29.890064,122.074854
29.900827,122.1045
29.882109,122.119563
29.847382,122.057591
29.837382,122.028263
29.824027,121.984982
29.812773,121.956645
29.764854,121.867127
29.671664,121.793591
29.560827,121.691791
29.55,121.651927
29.516936,121.523036
29.545345,121.502136
29.535827,121.4729
29.511664,121.448318
29.461518,121.428863
29.420827,121.436372
29.416936,121.4397
29.459436,121.467482
29.534436,121.711791
29.524027,121.756527
29.499718,121.749291
29.471245,121.746709
29.477427,121.7988
29.528891,121.848727
29.543609,121.8236
29.544582,121.803445
29.550064,121.738272
29.604164,121.790054
29.635273,121.905818
29.623882,121.938582
29.589164,121.974354
29.420064,121.912063
29.386664,121.8893
29.292082,121.897491
29.270827,121.911927
29.266036,121.944009
29.280973,121.9679
29.255,121.986927
29.195273,121.933591
29.162218,121.847545
29.183882,121.811918
29.204164,121.802691
29.270827,121.810254
29.372354,121.796918
29.363473,121.764018
29.273054,121.769218
29.197291,121.744354
29.183464,121.676791
29.188609,121.657209
29.247773,121.596363
29.291109,121.5611
29.205554,121.504991
29.186382,121.460818
29.1634,121.413518
29.125554,121.424991
29.107773,121.439145
29.095827,121.468318
29.104164,121.4961
29.112773,121.537336
29.114164,121.563872
29.101109,121.627763
29.021945,121.691363
28.948609,121.713318
28.916454,121.682209
28.934991,121.588045
28.950754,121.539418
28.952909,121.502627
28.9359,121.490818
28.909436,121.512209
28.897773,121.534145
28.889509,121.588145
28.831945,121.659572
28.796664,121.659418
28.727982,121.6113
28.698327,121.528872
28.6943,121.501091
28.710273,121.373754
28.717309,121.350254
28.743254,121.301091
28.842145,121.146382
28.806454,121.159009
28.735273,121.290818
28.690273,121.409991
28.682218,121.465409
28.669927,121.484427
28.642218,121.497754
28.614436,121.506663
28.548882,121.522491
28.500273,121.523609
28.392773,121.592754
28.347218,121.641663
28.275554,121.579991
28.302909,121.573954
28.331382,121.525682
28.338327,121.498027
28.338054,121.455272
28.303609,121.408336
28.237218,121.386936
28.188327,121.374418
28.138882,121.341927
28.176936,121.2836
28.204791,121.260345
28.25,121.250263
28.275418,121.248172
28.3575,121.209718
28.379718,121.185536
28.382773,121.165118
28.290836,121.1022
28.241245,121.114845
28.206109,121.103863
28.173882,121.081936
27.992491,120.954154
27.982218,120.935254
27.994436,120.831936
28.039718,120.678309
28.079436,120.590818
28.018609,120.613309
27.988045,120.719145
27.9484,120.839636
27.872291,120.839991
27.846527,120.795263
27.722218,120.6947
27.645345,120.674491
27.616664,120.655254
27.597145,120.620954
27.593191,120.581163
27.557773,120.580272
27.537218,120.586109
27.504436,120.608736
27.495964,120.639709
27.450827,120.665545
27.371454,120.632145
27.389436,120.583327
27.324164,120.549427
27.283336,120.543872
27.229164,120.525545
27.207773,120.507491
27.179054,120.471191
27.202982,120.462418
27.221727,120.451091
27.214164,120.4197
27.2087,120.416363
27.174509,120.422245
27.241382,120.338318
27.2875,120.317482
27.311109,120.310245
27.318609,120.269291
27.297609,120.210872
27.282773,120.189563
27.222809,120.176091
27.220273,120.202545
27.245409,120.2229
27.251945,120.254436
27.229436,120.328872
27.147636,120.4211
27.094718,120.385263
27.099164,120.330554
27.110273,120.277354
27.129164,120.253254
27.061109,120.236363
27.0325,120.235263
26.981936,120.235809
26.916109,120.204163
26.925554,120.137072
26.898054,120.033182
26.84,120.019427
26.818882,120.0336
26.819027,120.058527
26.793891,120.104154
26.644645,120.127963
26.621873,120.096863
26.5993,119.993445
26.556945,119.937191
26.520554,119.886645
26.517773,119.860263
26.527291,119.835682
26.559854,119.832909
26.592982,119.854154
26.621454,119.902691
26.626173,119.9479
26.652218,119.975963
26.788227,120.073309
26.795,119.964709
26.789791,119.922963
26.696945,119.892209
26.669373,119.892591
26.648882,119.866782
26.692082,119.791509
26.796109,119.7879
26.8127,119.687963
26.772064,119.676209
26.740273,119.687482
26.726664,119.708318
26.711245,119.728427
26.6943,119.703745
26.705827,119.685391
26.751109,119.630809
26.774536,119.626727
26.793891,119.618382
26.785554,119.576663
26.756245,119.550263
26.647773,119.533872
26.6175,119.552618
26.573891,119.599718
26.59,119.621091
26.610136,119.665682
26.608054,119.737072
26.572773,119.780272
26.442218,119.8204
26.409164,119.788591
26.407564,119.7661
26.435273,119.734418
26.492773,119.653045
26.473882,119.577472
26.443327,119.565536
26.338609,119.658045
26.317918,119.689418
26.332027,119.737363
26.365827,119.756382
26.398054,119.788309
26.418609,119.818736
26.367773,119.948863
26.348745,119.933863
26.310554,119.884145
26.322773,119.850118
26.322636,119.816927
26.303318,119.793245
26.280554,119.792763
26.289645,119.767972
26.2818,119.668872
26.256527,119.635409
26.173882,119.593045
26.055827,119.507491
25.996936,119.425263
26.010691,119.405118
26.044164,119.341372
26.108327,119.198591
26.140409,119.097491
25.963054,119.256654
25.937873,119.354009
25.960273,119.447482
25.971936,119.464709
25.994718,119.491718
26.0225,119.5011
26.040209,119.516936
26.043127,119.572072
26.013473,119.682827
25.990691,119.705827
25.970136,119.696918
25.929436,119.672209
25.875554,119.6111
25.863609,119.591372
25.809027,119.600336
25.756664,119.621091
25.679964,119.580745
25.686664,119.513318
25.682218,119.452209
25.652218,119.453327
25.616936,119.457627
25.572773,119.480263
25.557354,119.505463
25.563609,119.552891
25.416518,119.644572
25.353327,119.6454
25.34,119.619136
25.338054,119.614154
25.340273,119.601382
25.360554,119.591663
25.398054,119.582491
25.418191,119.580691
25.474718,119.504709
25.510827,119.423309
25.585827,119.379154
25.602909,119.350954
25.606491,119.314945
25.564718,119.3022
25.500827,119.2561
25.472736,119.222072
25.454991,119.169154
25.420964,119.105263
25.397145,119.106436
25.344164,119.169982
25.324718,119.242482
25.3243,119.2811
25.253191,119.352554
25.172082,119.272627
25.118327,119.1461
25.105554,119.092072
25.126936,119.035054
25.164436,119.031863
25.174927,119.055045
25.205964,119.0686
25.273054,119.061372
25.281664,118.9929
25.27,118.945254
25.2426,118.874872
25.2193,118.882372
25.218609,118.912627
25.177254,118.967763
25.106282,118.939145
25.102427,118.891863
25.101245,118.860263
25.082982,118.847063
25.043891,118.868591
24.971936,118.986645
24.947636,119.011445
24.926936,118.984991
24.843054,118.717209
24.851736,118.694
24.873609,118.705691
24.887491,118.725536
24.931382,118.706245
24.947218,118.666791
24.882909,118.572909
24.771182,118.626509
24.780282,118.651382
24.802354,118.707763
24.756736,118.763118
24.724718,118.750263
24.575,118.657491
24.543891,118.622754
24.528609,118.595263
24.512364,118.553454
24.545273,118.553245
24.576109,118.559709
24.598054,118.520263
24.615554,118.4747
24.628327,118.439972
24.620554,118.416654
24.583882,118.326927
24.536382,118.2397
24.610554,118.194972
24.649718,118.193036
24.681936,118.1688
24.615827,118.043591
24.5643,117.982482
24.541318,117.978172
24.529027,118.026236
24.517218,118.051363
24.440236,118.019882
24.450273,117.960536
24.466245,117.922054
24.479582,117.892772
24.485136,117.849218
24.479164,117.823609
24.460182,117.794727
24.418054,117.834563
24.383609,117.896654
24.386664,117.934418
24.403464,118.037136
24.342773,118.094991
24.2925,118.119427
24.258745,118.123727
24.204991,118.023036
24.153609,117.959991
24.036945,117.8647
23.917218,117.763318
23.900273,117.735254
23.941518,117.728045
23.988254,117.7704
24.003745,117.794836
24.06,117.762627
24.041664,117.709718
23.933327,117.651654
23.863609,117.6147
23.840273,117.4772
23.790836,117.365809
23.758327,117.3047
23.729718,117.266863
23.664436,117.255254
23.624373,117.195682
23.616682,117.174236
23.591382,117.124418
23.634582,117.056991
23.6568,117.034154
23.659191,116.917936
23.597464,116.874845
23.551664,116.879554
23.464436,116.859154
23.418327,116.824709
23.399718,116.806927
23.355,116.760327
23.361664,116.632472
23.370118,116.6046
23.394927,116.558591
23.420236,116.5322
23.386664,116.522218
23.363882,116.529018
23.336664,116.550945
23.311318,116.591309
23.320554,116.6231
23.3184,116.741509
23.236664,116.787072
23.2093,116.780263
23.224018,116.7488
23.210827,116.513891
23.032218,116.535809
23.006527,116.536927
22.939018,116.481718
22.926382,116.379145
22.9293,116.350954
22.938327,116.325272
22.930827,116.226927
22.886382,116.177754
22.847354,116.132554
22.8325,116.077936
22.8525,116.050263
22.789164,115.8622
22.779445,115.843736
22.739164,115.797763
22.797218,115.783863
22.877773,115.669436
22.884164,115.640263
22.854718,115.564991
22.832773,115.535536
22.681936,115.562482
22.658882,115.536654
22.6818,115.375945
22.786527,115.223045
22.8275,115.240536
22.808327,115.161372
22.778609,115.048027
22.743882,114.943309
22.702773,114.888891
22.65,114.936654
22.546391,114.900963
22.534445,114.877763
22.533054,114.872209
22.570064,114.879354
22.587218,114.848736
22.585136,114.771518
22.586664,114.738727
22.640273,114.718045
22.703609,114.718872
22.724854,114.723872
22.745618,114.744291
22.7568,114.783736
22.783954,114.8124
22.814027,114.778182
22.784718,114.6897
22.734164,114.559427
22.699718,114.520827
22.653327,114.500972
22.585,114.525818
22.538536,114.597827
22.504236,114.613591
22.474436,114.518336
22.525,114.4747
22.5509,114.467336
22.593609,114.416382
22.61,114.391654
22.6093,114.365954
22.593609,114.301654
22.580273,114.2661
22.5659,114.239772
22.550045,114.222263
22.474436,114.219436
22.430827,114.239436
22.474582,114.312482
22.429927,114.388527
22.371382,114.382472
22.377036,114.3297
22.381836,114.292609
22.359591,114.262082
22.324254,114.274291
22.285427,114.306572
22.260564,114.296109
22.318054,114.198027
22.351936,114.025545
22.354445,113.932209
22.367354,113.905609
22.405345,113.896927
22.446382,113.949418
22.508736,114.033691
22.512218,114.030545
22.520827,114.0011
22.521945,113.948863
22.512773,113.924909
22.474436,113.860809
22.561109,113.837491
22.657218,113.798863
22.7518,113.754436
22.834582,113.605954
22.880273,113.590618
22.991245,113.602482
22.983254,113.5463
23.016645,113.523336
23.050273,113.525272
23.075273,113.547127
23.1032,113.612272
23.131245,113.706372
23.123327,113.802209
23.117236,113.8219
23.155273,113.7122
23.152709,113.683591
23.050827,113.479282
23.024164,113.493872
23.004164,113.495672
22.917145,113.480254
22.928845,113.421254
22.910382,113.378009
22.879854,113.3629
22.791664,113.453327
22.770882,113.491736
22.737836,113.437782
22.708673,113.470836
22.678536,113.5
22.616936,113.541654
22.549445,113.564772
22.478327,113.558309
22.422454,113.533391
22.391318,113.5381
22.369854,113.571654
22.358191,113.589854
22.249854,113.579427
22.212727,113.554427
22.187009,113.552682
22.194736,113.531663
22.178882,113.514645
22.167909,113.456654
22.178473,113.433445
22.355,113.288591
22.382773,113.267491
22.424164,113.247482
22.496936,113.213318
22.567009,113.168727
22.506382,113.154709
22.478673,113.159982
22.460409,113.186991
22.417218,113.234572
22.331664,113.295254
22.230273,113.359991
22.179645,113.386791
22.166518,113.356372
22.179509,113.335054
22.177291,113.302691
22.124164,113.255827
22.097418,113.249009
22.0625,113.252554
22.040691,113.222618
22.090118,113.115963
22.152218,113.1256
22.212354,113.106782
22.204854,113.084845
22.1675,113.046654
22.129445,113.012763
22.108891,112.996936
22.0893,112.987336
22.008891,112.993872
21.971382,113.002209
21.938882,113.004436
21.896382,112.9786
21.8693,112.940045
21.859582,112.891918
21.896936,112.865745
21.950964,112.846091
21.964718,112.824018
21.938191,112.753318
21.884991,112.693309
21.849718,112.6711
21.791382,112.630954
21.779718,112.6111
21.77,112.592754
21.763682,112.566654
21.8025,112.478045
21.747073,112.385554
21.733327,112.362491
21.718045,112.3354
21.701382,112.281936
21.706245,112.247209
21.788891,112.070827
21.852773,111.952072
21.911318,111.913736
21.916109,111.892136
21.851109,111.892209
21.825973,111.899018
21.808473,111.909145
21.793054,111.9297
21.771382,111.974427
21.751391,111.966927
21.682354,111.887218
21.673264,111.858518
21.682982,111.833663
21.719991,111.823882
21.736936,111.795818
21.778191,111.676227
21.752009,111.701436
21.726936,111.750818
21.7077,111.7704
21.612636,111.783172
21.613609,111.749291
21.611382,111.699209
21.583682,111.674909
21.5268,111.643954
21.512709,111.473454
21.529445,111.379154
21.498327,111.296945
21.465136,111.146663
21.467082,111.095545
21.504027,111.074645
21.525273,111.028454
21.513954,110.992554
21.445618,110.978036
21.444373,110.999845
21.467291,111.018318
21.479682,111.059627
21.425554,111.000263
21.383673,110.876854
21.384164,110.843045
21.389164,110.822218
21.399582,110.798182
21.372218,110.7361
21.360554,110.718736
21.332636,110.692891
21.288745,110.666372
21.254445,110.651091
21.255973,110.647909
21.358573,110.632445
21.390554,110.688582
21.397636,110.712763
21.403327,110.744563
21.426173,110.761827
21.388609,110.660536
21.369445,110.627745
21.327218,110.612072
21.294164,110.616091
21.272082,110.622209
21.239018,110.635463
21.211382,110.532763
21.220791,110.483518
21.208609,110.4536
21.217491,110.432745
21.263054,110.420254
21.314718,110.420536
21.341527,110.4211
21.372218,110.424563
21.373218,110.394354
21.318054,110.372482
21.277773,110.375527
21.227909,110.408872
21.162982,110.3906
21.111936,110.330272
21.103609,110.308591
21.047773,110.200272
20.985273,110.153591
20.932218,110.149145
20.843818,110.159354
20.835,110.196372
20.832218,110.240527
20.842218,110.286927
20.853845,110.317672
20.840827,110.375536
20.809718,110.3936
20.783191,110.4011
20.7343,110.400818
20.710273,110.378936
20.735409,110.353318
20.764582,110.3479
20.797545,110.342427
20.743609,110.309427
20.64,110.323882
20.613609,110.3936
20.6043,110.387491
20.580554,110.410263
20.566282,110.443263
20.570764,110.473527
20.527773,110.507218
20.486173,110.527354
20.429645,110.5145
20.34,110.440809
20.303264,110.405254
20.2575,110.308872
20.246109,110.278872
20.240827,110.169436
20.239991,110.149145
20.240409,110.114982
20.2818,110.060191
20.297773,110.041927
20.291936,109.979845
20.276391,109.959991
20.233609,109.924427
20.36,109.882754
20.382354,109.951236
20.357773,109.9779
20.406664,110.009145
20.4318,110.006863
20.448054,109.984009
20.448327,109.9504
20.504445,109.850809
20.641109,109.7511
20.659718,109.7422
20.817218,109.700545
20.865691,109.665954
20.924164,109.6629
20.981109,109.675263
21.018327,109.691654
21.128882,109.673863
21.334718,109.769145
21.351391,109.827472
21.359436,109.856645
21.388045,109.904709
21.446945,109.941091
21.474164,109.924145
21.479718,109.862763
21.460554,109.822772
21.513609,109.796372
21.539436,109.7872
21.579818,109.763427
21.5794,109.743636
21.572918,109.742336
21.532218,109.749418
21.511245,109.756527
21.486927,109.770291
21.469718,109.732482
21.505691,109.660472
21.575,109.610527
21.673464,109.561091
21.702491,109.556509
21.723327,109.573318
21.676382,109.503882
21.577291,109.574845
21.520554,109.554427
21.494991,109.534427
21.482354,109.513882
21.450827,109.426791
21.448882,109.399145
21.448882,109.3622
21.448609,109.338882
21.43,109.243318
21.411664,109.1647
21.396664,109.142763
21.432218,109.068045
21.481936,109.093045
21.487564,109.1138
21.506945,109.141518
21.533473,109.149918
21.583054,109.1375
21.596945,109.102763
21.615827,109.041372
21.603609,108.974009
21.616109,108.910954
21.6818,108.856509
21.722218,108.866382
21.742073,108.885891
21.756454,108.920818
21.798882,108.870245
21.815554,108.813872
21.815,108.792482
21.803327,108.810327
21.761391,108.848327
21.701582,108.831709
21.6674,108.842036
21.630064,108.852618
21.6252,108.825254
21.639791,108.793945
21.613327,108.740672
21.598882,108.740254
21.653045,108.7086
21.723045,108.650272
21.838054,108.606236
21.884209,108.630836
21.910827,108.604709
21.935618,108.469218
21.907636,108.452482
21.865691,108.442891
21.7675,108.493045
21.683709,108.559109
21.590136,108.5125
21.558745,108.466236
21.552218,108.405254
21.555554,108.394354
21.591109,108.385472
21.624164,108.416091
21.6568,108.438318
21.689991,108.3336
21.678391,108.3139
21.623609,108.319991
21.5825,108.311227
21.539864,108.283872
21.514445,108.244709
21.499164,108.207972
21.554445,108.235809
21.594436,108.204436
21.56,108.134718
21.534445,108.077472
21.553609,108.016663
21.549027,107.996372
21.542409,107.990018
21.535691,107.968882
21.544445,107.947482
21.588891,107.916654
21.647773,107.860818
21.666936,107.783054
21.656245,107.7561
21.644718,107.738309
21.627218,107.710118
21.61,107.660263
21.586382,107.531791
21.598327,107.384718
21.605264,107.362727
21.662218,107.348327
21.681382,107.3404
21.729373,107.298591
21.724164,107.2686
21.7102,107.253391
21.711518,107.213609
21.820618,107.024018
21.849854,107.015827
21.889509,107.042491
21.921382,107.044009
21.939164,107.0211
21.970554,106.901654
21.979164,106.863309
21.999718,106.737491
22.030827,106.693309
22.174718,106.668591
22.204164,106.670054
22.216318,106.6922
22.328818,106.648736
22.328745,106.6186
22.335418,106.586654
22.3493,106.564982
22.414954,106.557127
22.431382,106.553309
22.456818,106.551709
22.604927,106.607127
22.615064,106.631436
22.630554,106.717482
22.763882,106.787491
22.803054,106.778318
22.821945,106.757491
22.866945,106.7029
22.913609,106.592482
22.932673,106.521963
22.905691,106.500263
22.890554,106.4736
22.853327,106.341236
22.857082,106.294291
22.872145,106.256136
22.904164,106.252063
22.938609,106.237491
22.955554,106.223591
22.973882,106.195609
22.988609,106.134718
22.990827,106.077491
22.982491,106.014845
22.952809,106.005691
22.938191,105.991363
22.912527,105.877063
22.956382,105.835818
23.004718,105.788882
23.020136,105.7686
23.062909,105.639263
23.063327,105.573909
23.096782,105.565691
23.110554,105.565263
23.134718,105.561372
23.162427,105.5513
23.183073,105.5274
23.280691,105.399154
23.324164,105.358727
23.304445,105.258045
23.180273,104.907491
23.099264,104.824536
22.9625,104.852209
22.818054,104.731927
22.813054,104.673454
22.826173,104.6513
22.83,104.573609
22.809164,104.539427
22.770973,104.494291
22.741936,104.461109
22.6875,104.3747
22.687264,104.358991
22.734927,104.265182
22.773745,104.254582
22.827882,104.259154
22.798118,104.1113
22.740554,104.061509
22.686382,104.033872
22.573191,104.011372
22.552636,104.016518
22.523245,104.008582
22.503873,103.968663
22.537773,103.909418
22.577218,103.8611
22.607773,103.826945
22.651391,103.794145
22.782873,103.653809
22.779445,103.6181
22.698191,103.566382
22.648609,103.583736
22.587427,103.537282
22.584364,103.522418
22.591527,103.507627
22.610273,103.486927
22.639164,103.459854
22.704745,103.426609
22.771873,103.394991
22.792082,103.3597
22.794509,103.333672
22.5425,103.166927
22.440827,103.064709
22.436518,103.0304
22.482291,102.928936
22.554436,102.8806
22.592882,102.870009
22.684164,102.702472
22.765,102.521382
22.7718,102.500963
22.771873,102.474436
22.753745,102.454082
22.688327,102.426091
22.609164,102.388891
22.491664,102.269709
22.423327,102.167482
22.396282,102.140745
22.432982,102.114845
22.454854,102.030963
22.437354,101.925263
22.489436,101.799991
22.499927,101.773518
22.497773,101.741509
22.472218,101.691363
22.443327,101.670954
22.411527,101.661927
22.3884,101.675472
22.280691,101.625945
22.209164,101.574436
21.970409,101.627127
21.933327,101.672763
21.834445,101.765263
21.732073,101.752345
21.653464,101.781663
21.496664,101.767491
21.453327,101.760536
21.357773,101.743309
21.313891,101.740954
21.292909,101.768663
21.285554,101.806509
21.253464,101.848454
21.239536,101.849518
21.216109,101.845263
21.144509,101.785954
21.139491,101.732563
21.175,101.703327
21.196382,101.677063
21.234718,101.608872
21.247218,101.570545
21.2468,101.508609
21.223191,101.387491
21.188745,101.338172
21.176873,101.291927
21.210409,101.2536
21.252009,101.234636
21.333327,101.247209
21.374436,101.264845
21.558891,101.184709
21.572636,101.148236
21.603673,101.169427
21.634854,101.167063
21.770518,101.120563
21.769027,101.099009
21.646664,100.835818
21.608054,100.808318
21.588054,100.800191
21.511109,100.721236
21.476936,100.639709
21.452354,100.572209
21.462145,100.477272
21.494718,100.456372
21.529445,100.4265
21.538191,100.373172
21.524791,100.345472
21.476936,100.282763
21.435464,100.205682
21.461109,100.167482
21.514509,100.120263
21.585136,100.107609
21.634164,100.141372
21.686109,100.084154
21.699854,99.998454
21.725545,99.977627
21.821245,99.9422
21.856664,99.945954
21.891936,99.959154
21.917218,99.9747
21.964373,99.990391
22.050182,99.957409
22.060554,99.892209
22.073745,99.743936
22.039718,99.709154
22.075409,99.685527
22.087354,99.659845
22.108891,99.588045
22.135827,99.465545
22.121382,99.434709
22.106382,99.409572
22.093473,99.366782
22.1125,99.2411
22.155918,99.167845
22.404854,99.293245
22.436936,99.330827
22.454464,99.348372
22.469164,99.362491
22.487082,99.376372
22.506945,99.384572
22.590209,99.386172
22.709991,99.344572
22.869991,99.442472
22.912636,99.514427
22.917773,99.551372
22.936591,99.564845
23.082045,99.5113
23.134227,99.357763
23.117636,99.257909
23.106627,99.233772
23.100273,99.201663
23.103882,99.104145
23.189164,98.927472
23.284164,98.9211
23.327218,98.9247
23.412491,98.915327
23.443054,98.904163
23.473045,98.887418
23.485827,98.862618
23.480482,98.8279
23.541736,98.806645
23.637773,98.852763
23.760727,98.817172
23.816391,98.687482
23.970754,98.679909
23.985827,98.727482
23.998009,98.754854
24.062582,98.848754
24.0784,98.869691
24.101618,98.897472
24.125164,98.905118
24.160073,98.890727
24.146064,98.874972
24.130436,98.852027
24.095336,98.586536
24.124436,98.546991
24.131027,98.514082
24.134954,98.446591
24.125309,98.220782
24.119445,98.187727
24.0891,98.064482
24.082864,98.043636
24.026664,97.912491
24.013327,97.896791
23.980545,97.865263
23.922773,97.764709
23.883882,97.691927
23.8517,97.649982
23.869164,97.645536
23.8884,97.633872
23.921109,97.581372
23.929991,97.547618
23.948609,97.537209
24.053054,97.644145
24.093473,97.6947
24.114436,97.721227
24.135273,97.736372
24.161245,97.748454
24.260554,97.7593
24.375273,97.712772
24.442218,97.665118
24.476664,97.543045
24.536945,97.556636
24.565136,97.561791
24.666664,97.568191
24.716127,97.560327
24.739927,97.552554
24.761945,97.5786
24.822773,97.671372
24.834445,97.689418
24.918882,97.736645
24.981382,97.722763
25.064718,97.725818
25.091391,97.757636
25.1375,97.789427
25.170273,97.806091
25.208882,97.8147
25.2509,97.827354
25.266936,97.8522
25.247218,97.885609
25.211727,97.908945
25.216173,97.944972
25.310691,98.065818
25.39,98.124691
25.410273,98.135545
25.550273,98.168045
25.571109,98.167354
25.615273,98.191082
25.593054,98.2272
25.552354,98.307591
25.569445,98.361372
25.591945,98.383045
25.691109,98.438582
25.764164,98.477909
25.796736,98.482563
25.844891,98.540782
25.823745,98.583318
25.803327,98.628591
25.855973,98.7104
25.8925,98.714291
25.953882,98.655254
25.989227,98.605809
26.083327,98.575272
26.125273,98.569445
26.1375,98.591091
26.147845,98.648663
26.120691,98.647354
26.100136,98.655336
26.106382,98.679018
26.1325,98.7086
26.184718,98.731091
26.247636,98.704154
26.362773,98.726654
26.426109,98.745818
26.605827,98.775545
26.639582,98.778454
26.791664,98.777772
26.894164,98.760545
27.005554,98.738591
27.132773,98.710818
27.208045,98.691227
27.228609,98.693454
27.253191,98.712209
27.321591,98.735745
27.363091,98.7321
27.379854,98.702482
27.4693,98.685809
27.529718,98.696991
27.605273,98.6461
27.650827,98.533327
27.6725,98.458882
27.632773,98.426091
27.590827,98.424282
27.556945,98.407
27.533054,98.376791
27.528745,98.347354
27.540136,98.319918
27.573327,98.303172
27.6325,98.292072
27.696945,98.263318
27.751391,98.230272
27.84,98.195818
28.008327,98.146236
28.121109,98.156236
28.148882,98.144991
28.156318,98.136218
28.215654,98.016345
28.2693,98.020336
28.378954,97.902072
28.372354,97.853318
28.355409,97.837
28.345764,97.804636
28.420345,97.743382
28.456382,97.736645
28.501527,97.722072
28.519027,97.7061
28.546527,97.558872
28.416936,97.496372
28.3375,97.482754
28.297709,97.468882
28.292154,97.445536
28.295,97.415818
28.244927,97.360118
28.222773,97.348872
28.225902,97.337472
28.23423,97.307137
28.286663,97.248032
28.309027,97.2379
28.373054,97.149154
28.381941,97.128181
28.380273,97.098736
28.358054,97.053245
28.333885,97.013885
28.3325,96.984709
28.366665,96.814698
28.376801,96.778664
28.406109,96.757491
28.422913,96.744705
28.458328,96.675262
28.467495,96.65387
28.468466,96.598732
28.416109,96.451154
28.351111,96.401929
28.392773,96.361649
28.524999,96.340272
28.568464,96.3954
28.590691,96.430263
28.760727,96.615427
28.795692,96.613731
28.813891,96.601936
28.896385,96.533875
28.968327,96.484421
29.03611,96.495819
29.056664,96.470827
29.033264,96.347136
29.015691,96.3186
28.992773,96.297209
28.974995,96.282211
28.959438,96.268326
28.94083,96.250275
28.92194,96.223312
28.901385,96.175325
28.936802,96.149712
29.059718,96.148882
29.147217,96.218872
29.164509,96.258745
29.167217,96.287491
29.170827,96.317491
29.181385,96.348877
29.257564,96.391727
29.286247,96.358452
29.273891,96.341663
29.242355,96.29248
29.243745,96.261937
29.255973,96.233182
29.277222,96.213318
29.31291,96.186854
29.351454,96.180682
29.39555,96.147766
29.464439,96.083145
29.461246,96.052345
29.43291,96.014364
29.39583,95.948875
29.391384,95.928314
29.342773,95.7897
29.255,95.624691
29.191109,95.541363
29.136108,95.525269
29.054092,95.461437
29.041386,95.439148
29.035275,95.387772
29.042219,95.354012
29.1175,95.129972
29.140054,94.982454
29.174991,94.864082
29.260799,94.792267
29.336531,94.697357
29.333464,94.647509
29.2724,94.59317
29.231529,94.5812
29.214754,94.538854
29.218564,94.481436
29.215509,94.427754
29.141239,94.308144
29.073482,94.234554
29.00893,94.191673
28.974829,94.187446
28.9307,94.152454
28.893554,94.094554
28.836027,94.0211
28.808809,94.009291
28.727064,93.985363
28.669201,93.961723
28.686741,93.892937
28.690382,93.858509
28.677601,93.731934
28.66423,93.689629
28.647464,93.647291
28.653609,93.595209
28.66523,93.544037
28.675591,93.525
28.679164,93.502063
28.655691,93.440482
28.635559,93.390442
28.618764,93.351936
28.595018,93.328663
28.54047,93.320389
28.492964,93.281518
28.418318,93.215536
28.387445,93.238163
28.343082,93.237663
28.3193,93.222054
28.31654,93.126244
28.310264,93.045709
28.232564,92.929872
28.198721,92.887337
28.200094,92.852875
28.212764,92.830036
28.168921,92.752899
28.141899,92.710442
28.114759,92.687141
28.080709,92.675245
28.06016,92.686523
28.041145,92.720772
27.979027,92.719572
27.955549,92.699417
27.916245,92.643727
27.86194,92.544983
27.826391,92.452472
27.806391,92.34137
27.79472,92.3311
27.79611,92.3147
27.8684,92.265536
27.819719,92.257345
27.8125,92.190246
27.818331,92.146103
27.8125,92.118317
27.786664,92.074436
27.750273,92.046354
27.73472,92.014427
27.728609,91.978318
27.73111,91.88472
27.766391,91.824418
27.764721,91.657763
27.777773,91.656645
27.836109,91.653045
27.869436,91.656718
27.897982,91.673945
27.929164,91.677063
27.945,91.662763
27.957773,91.638736
27.969436,91.606936
27.991382,91.520536
27.989518,91.501118
27.9893,91.485263
27.997218,91.45
28.010554,91.419436
28.041945,91.356936
28.063054,91.3261
28.081109,91.301372
28.074718,91.218872
28.026109,91.164991
28.002082,91.145545
27.983609,91.131645
27.971936,91.112345
27.969991,91.086927
27.976936,91.0204
27.992354,90.993454
28.019164,90.967754
28.0325,90.951382
28.046527,90.9179
28.050554,90.868872
28.048054,90.840272
28.064718,90.756654
28.078609,90.650545
28.075409,90.626654
28.075136,90.556154
28.080554,90.532482
28.079164,90.510554
28.071664,90.466382
28.079582,90.3765
28.098473,90.353318
28.1325,90.356645
28.150554,90.366382
28.169582,90.379291
28.200545,90.3954
28.242564,90.388972
28.2593,90.346509
28.2643,90.319427
28.275409,90.286518
28.284718,90.248872
28.290273,90.225536
28.300554,90.178591
28.325,90.020682
28.323691,89.998191
28.271382,89.863036
28.251664,89.836654
28.194718,89.791854
28.175554,89.746372
28.174436,89.721236
28.173609,89.692754
28.159436,89.626509
28.141664,89.588191
28.057773,89.487491
28.034164,89.467754
28.017218,89.4561
28.008382,89.450427
27.95,89.409427
27.933054,89.398036
27.915273,89.386936
27.871664,89.359982
27.8275,89.269145
27.807218,89.236991
27.778191,89.218454
27.738045,89.200272
27.6968,89.179563
27.675,89.166227
27.623327,89.128036
27.571664,89.128582
27.550554,89.104982
27.538327,89.086382
27.523609,89.057618
27.509854,89.015536
27.488882,88.984982
27.466382,88.967491
27.430827,88.956236
27.385273,88.946636
27.368327,88.935527
27.345554,88.9236
27.320833,88.916929
27.333332,88.895828
27.386664,88.823318
27.416386,88.799713
27.443609,88.781245
27.542427,88.764641
27.615829,88.801376
27.632218,88.813309
27.654582,88.830545
27.724027,88.854991
27.839582,88.881091
27.875554,88.8772
27.89555,88.873032
28.008054,88.835754
28.051109,88.773318
28.069717,88.74054
28.116802,88.624352
28.068473,88.553463
28.040554,88.509154
27.983609,88.390827
27.979718,88.331372
27.949373,88.138118
27.907009,88.122063
27.878464,88.132063
27.866054,88.142791
27.892218,88.091663
27.898609,88.054427
27.888609,88.027772
27.885827,88.003054
27.89,87.976927
27.917218,87.872618
27.910691,87.849009
27.869718,87.825272
27.843882,87.804563
27.825,87.780272
27.813054,87.751391
27.805,87.720536
27.828882,87.660536
27.813609,87.626082
27.814854,87.590545
27.840273,87.536654
27.843054,87.408872
27.822218,87.329163
27.816391,87.306091
27.823054,87.192745
27.844027,87.141518
27.891245,87.097072
27.9243,87.086518
27.963254,87.032554
27.947636,86.947072
27.969718,86.903591
28.030554,86.759991
28.055973,86.7561
28.082218,86.7561
28.100554,86.728591
28.111664,86.695263
28.113054,86.5886
28.100418,86.569436
28.024164,86.541091
27.959718,86.537763
27.940273,86.517763
27.908882,86.451372
27.945,86.352063
28.011391,86.223045
28.072082,86.196918
28.112354,86.214572
28.158054,86.197691
28.086736,86.096227
28.026945,86.103863
27.980827,86.123872
27.935336,86.135963
27.890827,86.089418
27.888045,86.069718
27.886245,86.0054
27.910136,85.976372
28.013054,85.951663
28.148609,85.887772
28.167336,85.869418
28.173609,85.847209
28.185273,85.820545
28.206109,85.780818
28.242636,85.742482
28.279164,85.721372
28.2825,85.5836
28.301664,85.458882
28.300136,85.436918
28.279718,85.413882
28.266391,85.397218
28.263609,85.376645
28.272218,85.283872
28.278609,85.236927
28.295273,85.139982
28.306664,85.110954
28.316391,85.103318
28.395827,85.1136
28.465273,85.135127
28.53,85.181927
28.591036,85.195182
28.636664,85.106936
28.641382,85.072218
28.634227,85.052272
28.603882,85.031663
28.542082,84.947209
28.544445,84.846645
28.551936,84.823318
28.607218,84.703109
28.651527,84.708454
28.702773,84.636382
28.712491,84.570827
28.734018,84.486227
28.759164,84.459154
28.8125,84.430263
28.849164,84.405545
28.863327,84.3886
28.8718,84.326518
28.913609,84.244427
28.918882,84.236927
28.976109,84.232754
29.053891,84.239972
29.13,84.162072
29.156664,84.159427
29.183327,84.1804
29.209718,84.180954
29.260973,84.116509
29.296945,83.9761
29.289718,83.912491
29.242773,83.750827
29.228882,83.720536
29.206382,83.695118
29.183882,83.688309
29.163327,83.672272
29.169436,83.6361
29.165827,83.628582
29.164718,83.605945
29.189027,83.547909
29.365554,83.414427
29.416382,83.380536
29.437636,83.377482
29.466109,83.379154
29.490554,83.354427
29.58,83.257491
29.631664,83.191082
29.633054,83.164991
29.622082,83.120809
29.623327,83.059982
29.658327,83.018054
29.67,82.9986
29.690618,82.908245
29.666936,82.872063
29.733882,82.776654
29.838327,82.652354
29.892218,82.5986
30.010273,82.420818
30.075,82.224918
30.069236,82.175254
30.120409,82.151236
30.334445,82.111227
30.363882,81.951382
30.376664,81.853045
30.363745,81.808318
30.392491,81.728045
30.419164,81.654982
30.424718,81.630254
30.384436,81.560527
30.358327,81.550536
30.332082,81.545682
30.341527,81.4936
30.359436,81.466382
30.377218,81.446927
30.385,81.426227
30.375554,81.4086
30.315273,81.390963
30.265554,81.392763
30.1725,81.380818
30.078054,81.2986
30.067218,81.278591
30.056382,81.247482
30.028745,81.253327
30.011945,81.232209
30.017773,81.199845
30.030418,81.160954
30.019445,81.119427
30.084718,81.0961
30.128609,81.073882
30.176109,81.044436
30.204354,81.025363
30.213327,81.030128
30.263956,80.993523
30.274858,80.947762
30.2859,80.902
30.324163,80.808731
30.337082,80.790954
30.36,80.773882
30.38562,80.758598
30.472082,80.611791
30.476245,80.5854
30.477219,80.521381
30.526373,80.402791
30.566109,80.316231
30.570829,80.289429
30.574165,80.232758
30.575518,80.207002
30.597773,80.224018
30.733745,80.254227
30.795136,80.188591
30.884445,79.960818
30.8849,79.949809
30.887913,79.929703
30.919163,79.898041
30.949782,79.886036
30.96583,79.863037
30.9893,79.745263
30.973609,79.660545
30.956522,79.632484
30.938467,79.609978
30.957082,79.554291
31.052218,79.419436
31.101067,79.39325
31.120554,79.339709
31.134582,79.314428
31.241664,79.241791
31.30097,79.217903
31.32597,79.220604
31.395275,79.164154
31.437291,79.080818
31.426941,79.044144
31.409791,79.018527
31.291627,78.877654
31.287912,78.81749
31.308954,78.76825
31.502709,78.712491
31.525275,78.721931
31.552845,78.772346
31.607496,78.842484
31.675064,78.764366
31.726385,78.71582
31.77972,78.692894
31.889718,78.7361
31.910362,78.745071
31.921382,78.752782
31.939995,78.761658
31.968473,78.770754
32.006527,78.731654
32.030685,78.687485
32.059718,78.656936
32.124854,78.597491
32.161938,78.5793
32.189718,78.561382
32.214436,78.53804
32.243044,78.475939
32.251591,78.486931
32.432354,78.472345
32.510273,78.416649
32.519249,78.406326
32.533804,78.397538
32.541374,78.40668
32.5535,78.41811
32.564702,78.427082
32.581792,78.439344
32.590841,78.454276
32.593946,78.485894
32.595017,78.501076
32.60951,78.517473
32.615121,78.548604
32.610643,78.584115
32.60398,78.608625
32.61595,78.626128
32.633036,78.639031
32.644236,78.648635
32.654392,78.660009
32.660555,78.689363
32.672216,78.718375
32.694963,78.74368
32.701536,78.75853
32.678126,78.756805
32.647004,78.76379
32.642303,78.771434
32.621124,78.780099
32.601819,78.77554
32.574353,78.760308
32.556767,78.766118
32.541757,78.769025
32.512248,78.77486
32.50114,78.780974
32.480884,78.7945
32.458686,78.806716
32.44514,78.829615
32.446774,78.842377
32.443928,78.855526
32.426985,78.875828
32.411896,78.901044
32.396847,78.925044
32.386477,78.941425
32.378816,78.94949
32.363105,78.961977
32.360446,78.986575
32.387503,79.012074
32.404847,79.048554
32.407549,79.076449
32.40558,79.093846
32.416046,79.110073
32.426613,79.122688
32.431168,79.137407
32.449887,79.142604
32.478933,79.13385
32.486514,79.165036
32.495997,79.199344
32.516383,79.234838
32.532298,79.25259
32.540068,79.277161
32.5546,79.291225
32.573295,79.298871
32.600416,79.308178
32.602296,79.330033
32.597746,79.350333
32.590164,79.372278
32.568989,79.382
32.544129,79.399369
32.547878,79.425538
32.568649,79.447815
32.591634,79.46237
32.60268,79.476873
32.622942,79.500351
32.645336,79.519121
32.66477,79.537128
32.690068,79.559703
32.708142,79.573415
32.735024,79.593677
32.752598,79.607977
32.772269,79.601225
32.801546,79.573225
32.814049,79.537608
32.842838,79.510149
32.861049,79.503287
32.89549,79.471871
32.924002,79.438285
32.951154,79.417943
32.980344,79.397091
32.992353,79.380755
33.015794,79.351074
33.026033,79.361943
33.030341,79.387061
33.072651,79.383887
33.093587,79.372874
33.109489,79.379807
33.130769,79.392501
33.145713,79.398172
33.168066,79.409108
33.185414,79.419168
33.201815,79.427357
33.22763,79.441533
33.259178,79.449948
33.290158,79.443732
33.292096,79.411585
33.297218,79.37413
33.302218,79.340921
33.301923,79.333601
33.294383,79.297285
33.29851,79.276807
33.313103,79.226431
33.317465,79.180376
33.309504,79.140988
33.306138,79.10001
33.315544,79.071861
33.327128,79.038332
33.332113,79.02335
33.34264,78.991581
33.354035,78.982398
33.37031,78.979551
33.388948,78.965235
33.410282,78.945558
33.431308,78.936836
33.44864,78.93342
33.469771,78.921644
33.497893,78.931573
33.508465,78.934536
33.52594,78.944557
33.540895,78.936745
33.563644,78.923204
33.591321,78.915396
33.622499,78.9102
33.630324,78.920977
33.619598,78.957125
33.618668,78.988862
33.622311,79.020824
33.622362,79.053828
33.614214,79.088857
33.630797,79.095811
33.659141,79.083804
33.676848,79.087758
33.683889,79.073441
33.673471,79.046622
33.690829,79.027926
33.716942,79.023729
33.733692,79.043535
33.753648,79.058612
33.769644,79.069823
33.781328,79.071638
33.768182,79.050164
33.77868,79.040286
33.806947,79.0166
33.829422,78.999349
33.853785,78.987696
33.869373,78.979278
33.889635,78.968636
33.906659,78.963959
33.927027,78.950249
33.942384,78.933219
33.959133,78.921159
33.979235,78.917233
34.0075,78.9493
34.029633,78.981079
34.04709,79.015091
34.025628,79.046548
34.013593,79.088895
34.008528,79.121154
34.020433,79.151823
34.038872,79.152767
34.061527,79.167431
34.045512,79.222446
34.040938,79.255339
34.031352,79.284282
34.031261,79.321694
34.027347,79.349698
34.018442,79.373139
34.01442,79.404809
34.013781,79.426234
34.112628,79.484351
34.135913,79.496056
34.155471,79.495283
34.181711,79.494875
34.21121,79.523513
34.214708,79.561173
34.233005,79.586142
34.256727,79.602206
34.283002,79.602439
34.301698,79.597948
34.316783,79.576654
34.337684,79.567973
34.359878,79.567969
34.383556,79.570508
34.4043,79.567963
34.417235,79.567447
34.424617,79.545696
34.443968,79.521517
34.469481,79.51614
34.487398,79.556541
34.495707,79.589644
34.492861,79.631983
34.486991,79.671682
34.476333,79.73265
34.475293,79.783684
34.493602,79.811209
34.51466,79.816733
34.538057,79.813772
34.554271,79.791914
34.569842,79.774325
34.597804,79.792566
34.615102,79.786779
34.634075,79.777386
34.651224,79.793784
34.663964,79.818567
34.68214,79.835652
34.704669,79.863482
34.709333,79.897682
34.706853,79.944418
34.704537,79.968952
34.710681,80.005705
34.71492,80.036796
34.719907,80.06053
34.734307,80.065713
34.760477,80.060499
34.798563,80.074513
34.820513,80.072131
34.843612,80.083399
34.879449,80.104706
34.916852,80.126739
34.939378,80.141083
35.078951,80.176175
35.104046,80.177706
35.120919,80.174401
35.149835,80.17183
35.169651,80.175515
35.188793,80.200844
35.209263,80.217587
35.236655,80.231664
35.250073,80.239307
35.249605,80.254154
35.28553,80.266583
35.302253,80.278083
35.308339,80.282154
35.320646,80.285955
35.334546,80.288604
35.380771,80.30241
35.421677,80.305351
35.430361,80.326999
35.444347,80.345221
35.476748,80.339606
35.511376,80.347191
35.533784,80.329779
35.564459,80.315316
35.585324,80.298413
35.611472,80.263077
35.629124,80.216001
35.630903,80.175519
35.655355,80.128759
35.672589,80.112818
35.691825,80.100101
35.70594,80.083976
35.741534,80.068356
35.779048,80.059704
35.797568,80.055048
35.821933,80.031906
35.825598,79.998896
35.814147,79.961969
35.795489,79.937211
35.777421,79.910615
35.774791,79.877292
35.777964,79.843004
35.784539,79.800732
35.794688,79.761753
35.814714,79.726366
35.824816,79.689228
35.830406,79.661899
35.841178,79.620375
35.854445,79.58334
35.866193,79.561282
35.87694,79.520962
35.886352,79.473028
35.887788,79.444198
35.905788,79.424882
35.91913,79.419808
35.934782,79.408545
35.947568,79.404697
35.967682,79.403052
35.97626,79.399019
35.978461,79.379613
35.977425,79.345596
35.975076,79.319701
35.973763,79.294478
35.972061,79.264833
35.964845,79.242512
35.954287,79.225722
35.939963,79.211299
35.925713,79.211352
35.911122,79.20573
35.879061,79.219518
35.869362,79.209698
35.846539,79.198721
35.830391,79.176714
35.820768,79.148064
35.819631,79.117241
35.821764,79.082772
35.825783,79.055282
35.836446,79.017354
35.855547,78.979094
35.861222,78.966099
35.857061,78.947709
35.854773,78.919956
35.849934,78.889595
35.846246,78.856131
35.845279,78.8366
35.850277,78.811615
35.849428,78.788311
35.849633,78.76504
35.847792,78.739812
35.843616,78.705067
35.831703,78.682023
35.816362,78.66768
35.804259,78.650932
35.80016,78.630673
35.792284,78.61344
35.77533,78.583974
35.760927,78.557115
35.7558,78.536207
35.754446,78.512274
35.7583,78.489754
35.762234,78.464717
35.762317,78.445222
35.755497,78.42804
35.736548,78.412394
35.724797,78.401993
35.721089,78.386168
35.717519,78.365949
35.71162,78.336232
35.710536,78.320485
35.711102,78.302265
35.700561,78.286888
35.678647,78.283148
35.656087,78.28379
35.642149,78.277129
35.639224,78.253178
35.646029,78.236396
35.65144,78.213919
35.631784,78.205864
35.616149,78.186612
35.605419,78.178171
35.590336,78.175271
35.56431,78.171465
35.538535,78.160137
35.536852,78.146917
35.54205,78.130732
35.549956,78.111472
35.555157,78.095279
35.55976,78.08158
35.57067,78.066775
35.583617,78.053898
35.581333,78.026206
35.585417,77.99552
35.588476,77.98114
35.590644,77.961712
35.580189,77.961475
35.565887,77.967433
35.550409,77.960802
35.536873,77.959241
35.526105,77.952721
35.512191,77.946759
35.496158,77.942007
35.484919,77.934228
35.477236,77.929665
35.466968,77.924419
35.454754,77.914742
35.466344,77.893667
35.468677,77.885561
35.471279,77.868677
35.476721,77.861263
35.499329,77.838515
35.498593,77.828455
35.493317,77.813281
35.487077,77.795577
35.488367,77.770492
35.499258,77.755638
35.506056,77.738188
35.488997,77.732835
35.47077,77.731855
35.468874,77.708593
35.46416,77.692183
35.468327,77.675311
35.477108,77.661032
35.467219,77.643272
35.460613,77.620552
35.460647,77.602345
35.465837,77.586108
35.471779,77.562346
35.475464,77.544192
35.477585,77.526011
35.475458,77.510271
35.469795,77.490707
35.45674,77.474172
35.457718,77.442153
35.467485,77.429734
35.470511,77.398991
35.486386,77.374707
35.500262,77.364844
35.514413,77.346175
35.532984,77.336993
35.539217,77.355322
35.546129,77.385615
35.543867,77.408228
35.530168,77.428782
35.516185,77.441777
35.522648,77.469538
35.530813,77.492928
35.545653,77.486245
35.550976,77.483184
35.566619,77.484687
35.583993,77.481184
35.591047,77.473113
35.603181,77.453159
35.612856,77.445121
35.629693,77.442856
35.648615,77.441251
35.659936,77.431341
35.663471,77.418792
35.668969,77.410681
35.683892,77.403335
35.700242,77.384027
35.710492,77.375343
35.720318,77.363497
35.72501,77.347793
35.710791,77.331832
35.711806,77.316078
35.714942,77.299719
35.721053,77.289074
35.724361,77.284068
35.71808,77.266324
35.714367,77.250505
35.722521,77.241772
35.736966,77.233741
35.737864,77.221761
35.734246,77.202783
35.733626,77.18889
35.7465,77.180829
35.76337,77.179756
35.774715,77.17041
35.779983,77.153413
35.786187,77.140213
35.796448,77.132108
35.806165,77.124627
35.813547,77.107637
35.816011,77.096285
35.804971,77.078477
35.791597,77.051172
35.796193,77.006599
35.807816,76.947755
35.813399,76.917675
35.819786,76.896334
35.829915,76.885169
35.839542,76.874588
35.843603,76.86987
35.85849,76.845299
35.861325,76.828672
35.869257,76.805507
35.88628,76.797841
35.895454,76.786568
35.918465,76.778633
35.939867,76.754369
35.945657,76.739744
35.973832,76.725837
35.986394,76.743458
36.00452,76.757677
36.016665,76.772163
36.027791,76.787842
36.03798,76.800968
36.048381,76.804735
36.067621,76.793416
36.071798,76.785541
36.088141,76.748366
36.100287,76.720297
36.119479,76.713302
36.1457,76.706718
36.161981,76.697027
36.190308,76.666698
36.200683,76.652865
36.200746,76.628375
36.187017,76.613139
36.185268,76.601735
36.192417,76.575133
36.202126,76.546776
36.212328,76.519056
36.223872,76.498941
36.238502,76.476463
36.24734,76.464985
36.265621,76.438265
36.280066,76.446604
36.2982,76.448843
36.330736,76.420321
36.351326,76.384806
36.367824,76.373042
36.37814,76.344516
36.363862,76.305235
36.357969,76.275866
36.376662,76.236334
36.389865,76.214844
36.396959,76.194306
36.409299,76.167043
36.433305,76.141583
36.458881,76.115529
36.478086,76.101201
36.488644,76.065511
36.494822,76.042298
36.493301,76.000275
36.512678,76.000274
36.531322,75.972837
36.550543,75.939513
36.559488,75.913373
36.561848,75.882658
36.584677,75.846696
36.616695,75.811369
36.632641,75.800239
36.650605,75.791721
36.677367,75.772728
36.71031,75.749798
36.731377,75.739305
36.749464,75.720961
36.770264,75.688212
36.782839,75.66005
36.794441,75.627301
36.800839,75.603067
36.81346,75.570961
36.821935,75.544096
36.845703,75.523088
36.869327,75.51583
36.897053,75.508562
36.903987,75.482994
36.936328,75.476364
36.951114,75.482881
36.975247,75.478236
36.978537,75.458564
36.977949,75.418581
37.007823,75.405388
37.030325,75.410571
37.041534,75.417098
37.045341,75.397416
37.045637,75.370528
37.04438,75.344954
37.0417,75.30889
37.032822,75.276779
37.011991,75.259141
36.996282,75.242142
36.971897,75.221897
36.955687,75.204249
36.95185,75.179998
36.958807,75.153081
36.96419,75.129446
36.975207,75.106442
36.98676,75.081463
36.981328,75.06246
36.964823,75.024478
36.947635,75.002247
36.922291,74.976121
36.924996,74.962987
36.938957,74.951766
36.961238,74.930002
36.989702,74.906231
37.012524,74.88314
37.034044,74.885656
37.039479,74.85805
37.039124,74.843606
37.044415,74.829131
37.038416,74.814717
37.028919,74.791785
37.043996,74.773969
37.060016,74.764026
37.086278,74.75665
37.078289,74.736331
37.063264,74.70226
37.05696,74.668792
37.051725,74.631376
37.037374,74.629495
37.022561,74.62302
37.004151,74.617224
36.978468,74.620015
36.955071,74.601775
36.966492,74.589222
36.983659,74.567432
36.986018,74.561397
37.019027,74.571727
37.027818,74.565427
37.049236,74.528872
37.146464,74.394991
37.17,74.390891
37.2408,74.527827
37.250954,74.607482
37.265973,74.669436
37.3014,74.739709
37.2991,74.760327
37.273064,74.773463
37.224227,74.808727
37.237327,74.915736
37.247382,74.945254
37.312682,75.078872
37.321854,75.096645
37.406582,75.187482
37.505764,75.069436
37.522082,75.038245
37.559645,74.954282
37.578809,74.935536
37.6041,74.9211
37.652427,74.9036
37.670345,74.914427
37.686254,74.939418
37.786573,74.9865
37.8066,74.959854
37.8205,74.927063
37.841809,74.906163
37.915218,74.909991
38.007854,74.915963
38.025909,74.904854
38.043973,74.863872
38.051609,74.844436
38.073964,74.817691
38.195209,74.792482
38.300627,74.794291
38.324927,74.8029
38.343264,74.819154
38.361882,74.841236
38.385264,74.862218
38.4209,74.868172
38.472564,74.854427
38.523682,74.793172
38.563818,74.677763
38.659927,74.394991
38.674382,74.354709
38.676809,74.145191
38.666882,74.122754
38.594236,74.062136
38.567082,74.075891
38.545073,74.078745
38.5341,73.967345
38.539936,73.939418
38.591045,73.842209
38.612709,73.814009
38.6341,73.804145
38.649836,73.802182
38.761609,73.763045
38.838264,73.723454
38.858409,73.7086
38.886527,73.708182
38.912427,73.723309
38.929373,73.749845
38.936591,73.7811
38.937291,73.819218
38.947364,73.845745
38.972564,73.852345
38.996109,73.841863
39.049654,73.7761
39.076254,73.728382
39.235691,73.620045
39.261045,73.628172
39.292991,73.645536
39.341591,73.669009
39.365491,73.668872
39.454827,73.655682
39.467991,73.785809
39.473818,73.839991
39.485209,73.863727
39.599654,73.954709
39.6927,73.9247
39.7282,73.907409
39.745209,73.862345
39.768954,73.8429
39.816945,73.847827
40.042018,73.990963
40.067364,74.0247
40.111736,74.189282
40.117291,74.225963
40.111254,74.258045
40.092709,74.294845
40.092709,74.322218
40.097845,74.354291
40.107709,74.383609
40.122573,74.414982
40.139373,74.4422
40.188264,74.514709
40.222982,74.5522
40.261945,74.6004
40.340764,74.734282
40.344936,74.760545
40.332009,74.820954
40.324927,74.848872
40.327918,74.880891
40.3491,74.890754
40.365209,74.8772
40.392573,74.845127
40.407982,74.8261
40.463554,74.831936
40.503973,74.845018
40.517227,74.8588
40.519245,74.882336
40.508691,74.907909
40.491609,74.9361
40.473827,74.970963
40.465773,74.991091
40.4566,75.0211
40.447573,75.066091
40.450427,75.233936
40.482436,75.277482
40.526536,75.339709
40.608836,75.486372
40.629664,75.530818
40.644527,75.582836
40.628554,75.604291
40.594654,75.624145
40.5698,75.629836
40.537927,75.628936
40.373827,75.665818
40.334936,75.678863
40.312027,75.688172
40.298,75.703736
40.301191,75.900127
40.314945,75.943027
40.3455,75.966791
40.3666,75.983463
40.388827,76.045254
40.395773,76.068054
40.398282,76.099427
40.403827,76.2236
40.384664,76.314991
40.353236,76.3344
40.404109,76.450263
40.436745,76.493463
40.4589,76.514154
40.498691,76.526372
40.519664,76.537491
40.539382,76.551091
40.5623,76.569709
40.577582,76.586654
40.602645,76.630127
40.6191,76.644363
40.704518,76.648463
40.741264,76.648391
40.950909,76.791027
41.012582,76.870672
41.021045,76.897218
41.027436,76.921372
41.049591,77.021445
41.046536,77.073318
41.027164,77.109145
41.015982,77.139982
41.006336,77.274436
41.0273,77.338045
41.025082,77.382063
41.012727,77.436372
40.996891,77.474709
40.986064,77.505827
40.986609,77.543591
41.001891,77.684709
41.040791,77.780272
41.062445,77.827763
41.069673,77.8606
41.060227,77.997754
41.056336,78.028736
41.043973,78.054982
41.040791,78.080827
41.069254,78.138736
41.101345,78.188872
41.116054,78.206372
41.1455,78.236645
41.165127,78.246227
41.175509,78.252209
41.198,78.265272
41.229664,78.290536
41.242027,78.307482
41.253554,78.326382
41.274845,78.369827
41.293836,78.383318
41.318282,78.376645
41.353009,78.3636
41.372582,78.370536
41.392864,78.395536
41.463836,78.5311
41.531891,78.670818
41.543009,78.695527
41.554118,78.726927
41.563136,78.758318
41.641618,78.9586
41.682445,79.059418
41.719936,79.147218
41.792173,79.340818
41.831345,79.526654
41.883282,79.659009
41.884818,79.693736
41.8819,79.722209
41.882454,79.753318
41.894882,79.791645
41.924809,79.815754
41.965854,79.826236
41.992036,79.844427
42.013427,79.873172
42.019954,79.896382
42.024954,79.9236
42.034127,79.9772
42.036345,80.025272
42.034682,80.062191
42.025791,80.139709
42.026618,80.1797
42.030791,80.213872
42.039536,80.245136
42.054264,80.269436
42.083145,80.281582
42.175227,80.246091
42.196218,80.234027
42.216064,80.285127
42.252182,80.293872
42.317836,80.270518
42.334682,80.2536
42.363291,80.238309
42.632454,80.158036
42.660509,80.171918
42.789127,80.242482
42.815654,80.257954
42.829818,80.281791
42.827809,80.312482
42.822191,80.340818
42.824964,80.369009
42.885454,80.572254
42.912182,80.5745
42.930027,80.550754
42.934964,80.521654
42.9394,80.490127
42.956909,80.442272
42.994827,80.388045
43.029054,80.384045
43.132182,80.615263
43.142045,80.654845
43.141909,80.678036
43.121909,80.712345
43.107745,80.743591
43.109273,80.774563
43.124818,80.8036
43.148018,80.815954
43.1683,80.815263
43.271073,80.777772
43.4658,80.7397
43.553291,80.681654
43.665791,80.619136
43.736354,80.583882
43.813227,80.553709
43.820527,80.543318
43.841354,80.529436
43.864973,80.517763
43.894554,80.508882
43.9158,80.500827
44.033864,80.435809
44.113782,80.368872
44.155245,80.366372
44.198582,80.387072
44.231636,80.3961
44.261218,80.399991
44.357745,80.378309
44.424136,80.356645
44.447191,80.349436
44.6358,80.384991
44.706154,80.512554
44.734082,80.515891
44.765536,80.436372
44.819427,80.281936
44.824427,80.262209
44.823873,80.229572
44.808873,80.151091
44.795536,80.053318
44.794009,80.018609
44.799009,79.998745
44.868236,79.874072
44.902818,79.871054
45.0247,80.076663
45.037336,80.113172
45.041927,80.139709
45.041091,80.163036
45.038318,80.192763
45.036091,80.261382
45.0504,80.400691
45.060045,80.426027
45.108591,80.524991
45.149554,80.7436
45.151918,80.765827
45.150254,80.916927
45.168309,81.003872
45.206082,81.147763
45.234554,81.239291
45.270391,81.396663
45.278173,81.451509
45.280945,81.486509
45.2897,81.531372
45.295818,81.556363
45.3072,81.582763
45.319982,81.605672
45.341918,81.646382
45.3497,81.679282
45.351918,81.713882
45.345118,81.751727
45.321373,81.783182
45.305809,81.797763
45.272754,81.811509
45.219518,81.807618
45.196227,81.824154
45.157482,81.948027
45.153864,81.9772
45.159418,82.013045
45.168864,82.043454
45.181364,82.071927
45.198582,82.123027
45.212754,82.168318
45.227754,82.224427
45.235809,82.270827
45.237754,82.296936
45.234009,82.321936
45.219836,82.348172
45.138873,82.459163
45.127473,82.481654
45.119418,82.514991
45.122336,82.545254
45.133027,82.566372
45.152618,82.586654
45.179282,82.603727
45.233036,82.632345
45.266091,82.642491
45.308027,82.652482
45.345527,82.6586
45.385391,82.659845
45.410254,82.655545
45.435809,82.646236
45.455945,82.610545
45.463864,82.589154
45.4697,82.561654
45.475809,82.525545
45.477473,82.485809
45.484564,82.409845
45.499418,82.353591
45.510536,82.335127
45.529418,82.319718
45.544791,82.314927
45.5831,82.321791
45.715118,82.387072
45.761927,82.413936
45.797554,82.445818
45.819436,82.464427
45.840818,82.480818
45.8636,82.493863
45.901927,82.510818
45.932764,82.520263
46.074991,82.558872
46.108736,82.560118
46.137209,82.562482
46.167764,82.571382
46.230118,82.607209
46.264154,82.633736
46.2861,82.655545
46.301654,82.671918
46.326791,82.692618
46.354154,82.708882
46.474064,82.757509
46.586927,82.797482
46.622754,82.807482
46.641927,82.815809
46.698864,82.842482
46.7636,82.873872
46.8054,82.898736
46.842618,82.929291
46.868045,82.952836
46.893318,82.971372
46.9304,82.9979
46.953182,83.011236
46.975545,83.018872
47.084436,83.031663
47.164573,83.038382
47.200618,83.034427
47.219991,83.061936
47.224709,83.121372
47.224709,83.155127
47.216636,83.185718
47.211664,83.184709
47.184154,83.230127
47.176382,83.256527
47.172491,83.299145
47.167773,83.328327
47.160273,83.354982
47.135691,83.424982
47.124154,83.443172
47.110691,83.460127
47.063327,83.558727
47.048745,83.612063
47.036945,83.693591
47.029436,83.738591
47.025554,83.760272
47.020827,83.7811
47.011936,83.806091
46.9911,83.853736
46.977209,83.899991
46.973318,83.930263
46.971654,84.085818
46.971654,84.1111
46.980409,84.143182
46.998673,84.179491
47.003882,84.2236
47.0075,84.294709
47.006664,84.319445
46.990827,84.594436
46.994436,84.652354
46.993609,84.678036
46.978673,84.718318
46.935682,84.774291
46.914436,84.781927
46.889436,84.773882
46.866664,84.760272
46.833154,84.744418
46.8277,84.803172
46.864509,84.962836
46.875545,84.976654
46.896445,84.984563
46.917636,85.023318
46.922773,85.064018
46.9318,85.082345
46.944991,85.097763
46.948327,85.098036
46.981936,85.168591
47.000136,85.191927
47.017209,85.205263
47.039,85.218982
47.052627,85.266927
47.050827,85.2986
47.0511,85.380536
47.059109,85.522563
47.1368,85.565545
47.217973,85.689491
47.262218,85.701382
47.375964,85.7029
47.409154,85.682209
47.452773,85.639436
47.473327,85.621645
47.499436,85.609145
47.522218,85.603872
47.561936,85.612491
47.5975,85.623309
47.6211,85.622209
47.764164,85.585682
47.8611,85.556363
47.890273,85.5472
47.937218,85.537072
47.969918,85.544845
47.996382,85.569609
48.016391,85.579709
48.070827,85.601382
48.091936,85.605818
48.124718,85.603736
48.165127,85.618182
48.356382,85.739154
48.393327,85.765963
48.405818,85.783054
48.413882,85.803591
48.420827,85.838882
48.423327,85.858872
48.428882,85.915263
48.437073,86.030536
48.434718,86.098036
48.431936,86.138882
48.4286,86.161654
48.426654,86.1861
48.426591,86.234909
48.455827,86.297072
48.4743,86.307482
48.487773,86.322482
48.495273,86.344145
48.499582,86.382345
48.497491,86.414991
48.493882,86.437763
48.494436,86.468045
48.542773,86.597909
48.570273,86.605127
48.608045,86.638045
48.623882,86.654436
48.6686,86.709991
48.701382,86.758745
48.7211,86.778882
48.823882,86.807754
48.885691,86.768736
48.910891,86.746372
48.941373,86.734418
48.972,86.731027
49.023609,86.770827
49.1102,86.876018
49.1311,87.120818
49.132218,87.1754
49.123045,87.201382
49.097773,87.316372
49.092618,87.348209
49.084991,87.373872
49.078327,87.4122
49.077491,87.446636
49.079718,87.466936
49.099164,87.507345
49.117218,87.519291
49.163045,87.705263
49.171382,87.807482
49.173327,87.836109
49.172954,87.8407
49.113609,87.868045
49.005554,87.898882
48.983045,87.892909
48.954918,87.873036
48.945264,87.842209
48.939991,87.812191
48.919573,87.774845
48.881036,87.7611
48.794654,87.842482
48.7618,87.933872
48.766382,87.957491
48.765754,87.991582
48.747218,88.039154
48.734991,88.059418
48.696554,88.086482
48.646945,88.032482
48.610764,87.974363
48.587773,87.967482
48.565409,87.991936
48.556382,88.013609
48.544718,88.047209
48.500691,88.191227
48.501664,88.212627
48.505554,88.241782
48.479991,88.320263
48.405818,88.516791
48.348327,88.591091
48.316727,88.592136
48.287218,88.583045
48.230264,88.598454
48.211936,88.611782
48.179991,88.659854
48.116382,88.861372
48.114164,88.937336
48.102773,88.956372
48.050691,89.019009
48.030545,89.039154
48.005827,89.063318
47.993736,89.085136
47.980818,89.224845
48.001173,89.293354
48.046736,89.389918
48.042082,89.548727
48.027282,89.592763
48.007773,89.602645
47.982573,89.601372
47.911427,89.670263
47.829264,89.785536
47.835282,89.931236
47.848209,89.962627
47.877936,89.9688
47.893682,89.9918
47.887909,90.070963
47.862982,90.0904
47.830827,90.0811
47.789582,90.087072
47.7686,90.100263
47.732209,90.143109
47.697073,90.268327
47.627973,90.3512
47.556654,90.399427
47.527773,90.424991
47.500273,90.465818
47.317073,90.493309
47.244436,90.544145
47.1961,90.581663
47.041936,90.711382
46.997491,90.769018
46.994154,90.810818
46.994854,90.835682
46.9886,90.857209
46.970545,90.890272
46.952218,90.9136
46.889991,90.950272
46.751936,91.029163
46.724845,91.043309
46.671109,91.036372
46.600109,91.020245
46.577354,91.070263
46.542773,91.061091
46.523609,91.053591
46.351109,90.960536
46.325264,90.931227
46.296936,90.921509
46.197773,90.961927
46.173327,90.975263
46.155818,90.989009
46.134227,91.016727
46.108045,91.026654
46.017354,91.026509
45.9959,91.003391
45.973045,90.965
45.9586,90.945527
45.903045,90.874145
45.887218,90.856936
45.735545,90.719436
45.579718,90.681927
45.492073,90.683872
45.469982,90.718318
45.450264,90.753454
45.436382,90.777209
45.3711,90.807754
45.253054,90.896945
45.2236,91.011382
45.224154,91.038872
45.213464,91.137909
45.200827,91.164291
45.170964,91.190663
45.1511,91.230545
45.143609,91.250545
45.134018,91.285954
45.119018,91.379154
45.1261,91.401927
45.153118,91.443591
45.152427,91.471163
45.124436,91.501936
45.096936,91.530272
45.077282,91.560882
45.074718,91.867754
45.082218,92.013045
45.084164,92.038591
45.083054,92.067491
45.079436,92.092482
45.026382,92.310254
45.003327,92.492763
45.022073,92.653454
45.033882,92.720536
45.041382,92.756945
45.047636,92.788109
45.045827,92.882754
45.025691,92.928654
45.009718,92.990263
45.009991,93.086654
45.010827,93.148609
45.013882,93.172209
45.016391,93.179427
44.998045,93.233045
44.989991,93.260545
44.9836,93.292072
44.984991,93.317491
44.990827,93.370254
44.962209,93.530818
44.957218,93.5547
44.950827,93.574436
44.923045,93.655254
44.915827,93.674991
44.896664,93.716091
44.875827,93.735263
44.8625,93.755554
44.828609,93.835536
44.818327,93.860809
44.797773,93.919709
44.777491,93.970263
44.722627,94.0854
44.709991,94.110809
44.632209,94.246091
44.590409,94.313463
44.575,94.330272
44.557209,94.343045
44.515545,94.441927
44.479991,94.529982
44.4518,94.603182
44.415545,94.656372
44.392491,94.6847
44.372354,94.7029
44.354991,94.717345
44.257082,95.028736
44.272764,95.179154
44.275554,95.202772
44.287773,95.285809
44.294164,95.410609
44.275754,95.419982
44.248191,95.397345
44.226236,95.375818
44.177773,95.350263
44.158045,95.3461
44.019364,95.341091
44.009718,95.358872
44.005554,95.384154
43.998882,95.426654
43.993609,95.477763
43.993118,95.533391
43.859027,95.627063
43.805827,95.638882
43.784718,95.645827
43.759164,95.656372
43.7386,95.665263
43.719436,95.6747
43.632218,95.720127
43.584991,95.746372
43.533882,95.778591
43.4886,95.807482
43.454018,95.8343
43.435127,95.850954
43.410827,95.8654
43.354718,95.869427
43.319436,95.869982
43.283882,95.879009
43.234018,95.917209
43.216664,95.940263
43.081664,96.123027
42.906936,96.356936
42.734991,96.382063
42.731754,96.398463
42.744154,96.5686
42.754436,96.725818
42.7561,96.761109
42.758609,96.846372
42.759991,96.959718
42.761382,96.9986
42.795827,97.1654
42.767345,97.386154
42.757773,97.449709
42.7461,97.533054
42.736654,97.602763
42.714436,97.755263
42.703991,97.826518
42.666936,98.074154
42.648327,98.199145
42.645827,98.221372
42.640827,98.319718
42.6386,98.361927
42.631664,98.488309
42.615545,98.769145
42.586791,99.240372
42.5836,99.3022
42.571945,99.510127
42.6536,99.986372
42.649027,100.031518
42.644436,100.133327
42.641109,100.254991
42.689573,100.312763
42.681664,100.696927
42.677073,100.842482
42.652491,100.972763
42.604718,101.219709
42.5675,101.411372
42.530545,101.595545
42.509718,101.8147
42.322773,101.9922
42.2761,102.035536
42.233327,102.077209
42.1511,102.442463
42.154709,102.471363
42.161664,102.515263
42.166664,102.550263
42.161373,102.712491
42.096382,102.882754
41.994154,103.143882
41.912491,103.3522
41.887218,103.416382
41.802491,103.849427
41.804291,104.069427
41.877209,104.526654
41.761382,104.525272
41.670682,104.523736
41.645827,104.684418
41.649718,104.847636
41.651927,104.930545
41.586654,105.006509
41.7468,105.222491
41.785273,105.350809
41.8343,105.474982
41.891382,105.588318
41.9875,105.855263
42.077491,106.122482
42.201664,106.496372
42.295545,106.781936
42.300273,106.854709
42.310818,106.9861
42.315827,107.017763
42.359991,107.2625
42.410545,107.277209
42.466245,107.475818
42.463045,107.496509
42.449709,107.522763
42.430827,107.544845
42.415691,107.563045
42.408327,107.907763
42.458882,108.224427
42.462345,108.249445
42.437073,108.306645
42.442218,108.527772
42.422218,108.679982
42.399991,108.847072
42.458327,109
42.449436,109.098036
42.429991,109.310672
42.447773,109.320827
42.450545,109.3936
42.456518,109.514009
42.555827,109.6897
42.575827,109.743872
42.641109,109.934972
42.642464,110
42.645764,110.106372
42.673809,110.133391
42.750309,110.361191
42.777773,110.440536
42.797773,110.448863
42.8461,110.471918
42.870545,110.515545
42.896664,110.5647
42.939991,110.623027
42.956654,110.639972
43.003327,110.6736
43.0536,110.689972
43.094154,110.742754
43.202218,110.871372
43.316936,110.9897
43.359164,111.076927
43.405264,111.225809
43.432209,111.326663
43.494436,111.502772
43.543327,111.6386
43.649718,111.757218
43.672491,111.783863
43.674164,111.897218
43.692218,111.958327
43.712209,111.964427
43.769573,111.976791
43.835264,111.959718
43.938882,111.879436
43.996382,111.808027
44.033882,111.717482
44.050136,111.676645
44.174709,111.556927
44.243327,111.524991
44.332836,111.429418
44.375273,111.421372
44.419018,111.429009
44.439154,111.438863
44.4586,111.4586
44.476382,111.475536
44.498882,111.496091
44.521382,111.515827
44.570273,111.555545
44.596936,111.5686
44.620545,111.571663
44.648609,111.570545
44.677082,111.5679
44.774164,111.630809
44.973045,111.765263
45.000545,111.784991
45.049436,111.873027
45.091664,111.980818
45.100545,112.051091
45.0911,112.083882
45.075273,112.097209
45.071382,112.230818
45.067773,112.3647
45.080554,112.4272
45.033609,112.500263
44.993745,112.5565
44.9511,112.592482
44.926382,112.607482
44.8461,112.853045
44.795127,113.143045
44.788609,113.242482
44.777218,113.511109
44.752491,113.551936
44.745273,113.638045
44.793054,113.722209
44.810273,113.744709
44.861664,113.817209
44.922764,113.916927
44.924018,113.969982
44.925,113.990809
44.929436,114.022772
44.939154,114.075545
44.980273,114.1311
44.9961,114.145536
45.070827,114.243045
45.129436,114.3372
45.143054,114.3586
45.206109,114.454009
45.322773,114.541091
45.348882,114.543318
45.389436,114.545254
45.440545,114.743045
45.410273,114.844991
45.382764,114.938027
45.384991,114.969436
45.403882,115.174427
45.400545,115.294709
45.398882,115.392209
45.414154,115.4747
45.4586,115.701927
45.545545,115.800809
45.635827,115.937191
45.685545,116.031372
45.683182,116.0886
45.681109,116.1122
45.693318,116.149991
45.708745,116.189563
45.721927,116.2104
45.808945,116.280063
45.843182,116.268463
45.876309,116.239291
45.900964,116.236091
45.950682,116.264991
45.996109,116.294009
46.083745,116.359145
46.1125,116.384163
46.141382,116.419282
46.168054,116.459427
46.225264,116.540818
46.252564,116.569991
46.295827,116.585536
46.327236,116.6718
46.331109,116.758609
46.351109,116.777063
46.383045,116.819027
46.393609,116.841663
46.383882,116.902209
46.361936,117.0786
46.364436,117.370818
46.399018,117.382209
46.418882,117.375527
46.4575,117.392763
46.527773,117.443863
46.570691,117.424982
46.605827,117.601927
46.5511,117.632754
46.513882,117.716663
46.536454,117.845545
46.564091,117.862972
46.581664,117.876082
46.605136,117.908454
46.619436,117.933591
46.678045,118.117482
46.7311,118.290818
46.736382,118.314709
46.719573,118.409572
46.699291,118.436645
46.694291,118.456236
46.686654,118.774636
46.716727,118.787554
46.763254,118.841718
46.772009,118.8665
46.769718,118.886936
46.742218,118.971918
46.717209,119.019709
46.693182,119.038518
46.672664,119.0706
46.666664,119.091663
46.620964,119.300536
46.614436,119.363036
46.617773,119.395545
46.626936,119.4172
46.636527,119.441082
46.639164,119.462772
46.634718,119.535809
46.623045,119.652627
46.604164,119.679282
46.598945,119.706791
46.613609,119.751391
46.656654,119.854709
46.676945,119.898036
46.715127,119.931509
46.902218,119.922491
46.9218,119.871372
46.998054,119.798736
47.019027,119.789991
47.083045,119.789045
47.109991,119.775272
47.166518,119.727482
47.219436,119.6561
47.241382,119.625527
47.321382,119.498027
47.356945,119.439145
47.370573,119.4067
47.419718,119.338318
47.462209,119.340818
47.509436,119.241091
47.533882,119.149427
47.634154,119.131345
47.664982,119.124972
47.685818,119.0558
47.710545,118.972209
47.756382,118.819763
47.772773,118.767291
47.878891,118.667209
47.940845,118.608018
47.994754,118.539336
48.003882,118.394145
48.029991,118.230272
48.013054,118.055545
48.018373,117.879545
48.015273,117.838318
48.011245,117.804554
47.894009,117.662182
47.874154,117.641345
47.849982,117.616482
47.657418,117.382672
47.657409,117.352463
47.669154,117.327754
47.806582,117.113436
47.888045,116.874691
47.881936,116.792763
47.8761,116.726927
47.857218,116.592209
47.845273,116.507763
47.858891,116.368591
47.878182,116.262363
47.821936,116.115536
47.804436,116.097209
47.752218,116.039963
47.690127,115.966082
47.691864,115.923118
47.917491,115.594409
48.143527,115.549072
48.173045,115.621372
48.252491,115.835818
48.273882,115.834427
48.3061,115.831672
48.338327,115.828872
48.403045,115.822218
48.520545,115.8111
48.663882,115.9422
48.690545,115.968045
48.815827,116.084154
48.868045,116.059009
48.975545,116.129963
49.199154,116.279982
49.301654,116.349154
49.422491,116.431091
49.524709,116.500545
49.626654,116.570263
49.738045,116.646654
49.830464,116.711382
49.824164,116.720827
49.809436,116.752209
49.733045,116.9236
49.716382,116.961382
49.709436,116.983045
49.652491,117.169982
49.641936,117.209991
49.636109,117.234709
49.6311,117.259427
49.626654,117.287491
49.624164,117.318327
49.624718,117.3547
49.626654,117.434418
49.623045,117.494427
49.6143,117.525272
49.5961,117.573318
49.535,117.738591
49.518182,117.794845
49.520573,117.874709
49.604291,118.049427
49.668882,118.172209
49.690964,118.205963
49.778327,118.365809
49.841727,118.480672
49.869991,118.492336
49.896664,118.526382
49.922636,118.574572
49.948873,118.640827
49.955273,118.6747
49.949364,118.715891
49.972491,118.870818
49.986309,118.921509
49.982909,118.956236
49.976936,119.000263
49.983045,119.066791
49.990445,119.099636
49.994991,119.135818
50.001391,119.174145
50.017082,119.216582
50.096309,119.321027
50.150191,119.346482
50.193264,119.345945
50.210409,119.329009
50.275273,119.330054
50.330273,119.359991
50.346173,119.347963
50.347773,119.289982
50.341236,119.253118
50.345273,119.198318
50.352773,119.176654
50.390273,119.1386
50.412554,119.166454
50.410818,119.204154
50.440964,119.238036
50.470545,119.255545
50.514164,119.263318
50.597491,119.294145
50.633327,119.3611
50.696236,119.4588
50.749018,119.506027
50.793609,119.516663
50.846382,119.519436
50.902354,119.520818
50.972764,119.589709
50.997918,119.643872
51.003654,119.665
51.018436,119.688763
51.036664,119.709991
51.076518,119.747891
51.168736,119.780263
51.1886,119.766245
51.213609,119.776091
51.269154,119.815463
51.287182,119.864318
51.389991,119.956645
51.423609,119.971363
51.466727,119.975191
51.493045,119.983045
51.620827,120.064145
51.664218,120.1077
51.666654,120.161582
51.6861,120.1972
51.712491,120.222209
51.773045,120.310254
51.8786,120.491645
51.895273,120.557482
51.9036,120.621372
51.914345,120.652027
51.979991,120.710963
52.115,120.776654
52.157627,120.781791
52.210545,120.751663
52.251664,120.721918
52.298673,120.652545
52.344227,120.625909
52.405273,120.663736
52.428464,120.683309
52.542664,120.712172
52.630818,120.465
52.637218,120.440263
52.615545,120.289427
52.605136,120.254436
52.586382,120.210536
52.579818,120.185582
52.578873,120.161909
52.588045,120.081927
52.606827,120.0406
52.641473,120.025745
52.768191,120.031436
52.806854,120.116836
52.807209,120.148863
52.809718,120.168736
52.857082,120.268736
52.897773,120.330554
52.925282,120.350691
53.020073,120.469454
53.077218,120.563327
53.159154,120.693863
53.263745,120.830691
53.279782,120.866509
53.291382,121.066091
53.278536,121.107127
53.272491,121.129963
53.269991,121.180545
53.271518,121.211936
53.291109,121.271927
53.312073,121.313454
53.319164,121.3336
53.315709,121.414291
53.316109,121.424136
53.323818,121.473791
53.333054,121.523036
53.339991,121.552754
53.347773,121.581936
53.3661,121.636109
53.4011,121.777482
53.413045,121.829991
53.415827,121.855554
53.422218,121.953454
53.421109,121.983045
53.413973,122.026091
53.412909,122.061436
53.456936,122.246091
53.448873,122.481654
53.456654,122.612763
53.455554,122.716382
53.452354,122.765682
53.449718,122.814845
53.452218,122.840818
53.461936,122.876663
53.4786,122.9236
53.497073,123.119836
53.500545,123.153318
53.510273,123.175263
53.522764,123.193863
53.546109,123.225809
53.553745,123.254709
53.5536,123.283054
53.549436,123.314418
53.542773,123.339154
