USA,
Lat,Lon
39.229991,-76.395009
39.226382,-76.386946
39.224709,-76.388609
39.209718,-76.4164
39.212209,-76.438564
39.223082,-76.473309
39.236518,-76.489436
39.247773,-76.5114
39.261109,-76.549436
39.267209,-76.576673
39.250373,-76.610518
39.242073,-76.582782
39.204827,-76.519446
39.177154,-76.478282
39.145409,-76.440973
39.108327,-76.421527
39.011036,-76.393891
38.913254,-76.453955
38.854709,-76.523618
38.731654,-76.537509
38.557627,-76.511391
38.531109,-76.505009
38.505554,-76.491946
38.490273,-76.478336
38.457218,-76.441936
38.419854,-76.401391
38.3652,-76.378573
38.337209,-76.406246
38.339536,-76.445764
38.431936,-76.579182
38.490964,-76.636946
38.585136,-76.6657
38.608191,-76.667355
38.6368,-76.666118
38.662527,-76.679164
38.474709,-76.663464
38.453327,-76.649446
38.404991,-76.594455
38.315545,-76.481946
38.3,-76.448755
38.288327,-76.371109
38.248118,-76.391109
38.219845,-76.380409
38.193882,-76.347782
38.178045,-76.333618
38.148318,-76.3175
38.0473,-76.312346
38.058882,-76.338609
38.186382,-76.548618
38.203327,-76.560273
38.221236,-76.581955
38.233045,-76.606246
38.239436,-76.629991
38.241936,-76.653882
38.242491,-76.674436
38.240827,-76.702082
38.233609,-76.7393
38.274573,-76.870691
38.309154,-76.915836
38.358464,-76.970136
38.438318,-77.044446
38.416518,-77.075291
38.367945,-77.196773
38.398254,-77.243746
38.487773,-77.2632
38.524164,-77.248046
38.550691,-77.234582
38.605827,-77.180555
38.685545,-77.0875
38.694991,-77.064446
38.698945,-77.029373
38.755,-77.006118
38.796109,-77.019455
38.803091,-77.022782
38.808882,-77.021664
38.8643,-77.016809
38.9011,-77.0534
38.904573,-77.061691
38.878873,-77.050282
38.843318,-77.037218
38.726618,-77.042218
38.704709,-77.095836
38.6986,-77.134446
38.5986,-77.248891
38.495545,-77.304446
38.402491,-77.3264
38.345273,-77.320009
38.332836,-77.246336
38.3336,-77.224164
38.343182,-77.166318
38.379018,-77.068746
38.309436,-77.023327
38.203045,-76.9325
38.178327,-76.876936
38.168882,-76.845555
38.151382,-76.689436
38.122773,-76.590973
38.023609,-76.501109
37.974573,-76.405009
37.956654,-76.349446
37.930827,-76.281536
37.9061,-76.243618
37.881664,-76.2282
37.696936,-76.285555
37.626654,-76.337509
37.6186,-76.353609
37.633609,-76.369709
37.678327,-76.478882
37.833054,-76.7025
37.953045,-76.834446
38.025191,-76.885991
38.067636,-76.910973
38.089709,-76.931946
38.160682,-77.054509
38.169118,-77.129891
38.141936,-77.110691
38.096382,-77.020836
38.093327,-76.985973
38.076945,-76.947918
38.0536,-76.923336
38.006164,-76.902918
37.927773,-76.848473
37.794991,-76.720273
37.763609,-76.663746
37.761109,-76.636109
37.752773,-76.615009
37.727482,-76.589718
37.692764,-76.576673
37.660409,-76.564164
37.630273,-76.538891
37.620264,-76.518618
37.603327,-76.421391
37.568609,-76.2907
37.495273,-76.245273
37.428673,-76.236664
37.373464,-76.239436
37.334164,-76.261127
37.335545,-76.289446
37.383882,-76.365282
37.345818,-76.403473
37.280509,-76.376491
37.262773,-76.448336
37.261936,-76.454727
37.268809,-76.479518
37.323609,-76.578891
37.429718,-76.682773
37.386654,-76.670546
37.305827,-76.606109
37.291936,-76.585555
37.268882,-76.543064
37.229709,-76.465564
37.223045,-76.442636
37.214154,-76.377209
37.135545,-76.29
37.086309,-76.267718
37.005345,-76.291455
36.973318,-76.389727
36.997218,-76.436391
37.084436,-76.5575
37.133945,-76.613118
37.1561,-76.613882
37.1836,-76.613609
37.216236,-76.631391
37.226936,-76.653882
37.2261,-76.678327
37.235045,-76.785227
37.247882,-76.887464
37.266091,-76.903682
37.298882,-76.974164
37.312909,-76.990273
37.336109,-77.2386
37.296391,-77.232227
37.291936,-77.146118
37.283609,-77.027218
37.213382,-76.864946
37.147491,-76.716664
37.0468,-76.644864
37.015827,-76.575564
36.957773,-76.479655
36.905264,-76.477491
36.863609,-76.331682
36.843318,-76.293609
36.8811,-76.318064
36.944918,-76.314373
36.957909,-76.255146
36.950827,-76.235546
36.929436,-76.195264
36.918882,-76.160836
36.906582,-76.057218
36.920064,-76.013891
36.909227,-75.987291
36.8543,-75.962918
36.640545,-75.8864
36.549073,-75.851682
36.531664,-75.849446
36.506664,-75.844164
36.440827,-75.827791
36.370827,-75.809155
36.283609,-75.785282
36.116518,-75.712082
36.096654,-75.7
36.043609,-75.659164
36.007773,-75.635836
35.908882,-75.575564
35.858891,-75.553327
35.801518,-75.532646
35.808045,-75.556946
35.856454,-75.589027
35.897491,-75.589791
35.952909,-75.636946
35.974436,-75.660827
35.991664,-75.683318
36.008045,-75.700836
36.0611,-75.728609
36.123636,-75.738609
36.182773,-75.751255
36.202209,-75.7582
36.222491,-75.768336
36.319445,-75.811664
36.476382,-75.863891
36.4986,-75.87
36.532773,-75.879164
36.549945,-75.882709
36.581936,-75.881946
36.665264,-75.911391
36.712418,-75.945309
36.680827,-75.966664
36.620827,-75.975555
36.565818,-75.975827
36.549718,-75.968846
36.542527,-75.949027
36.549718,-75.9433
36.563673,-75.938255
36.573191,-75.912646
36.55,-75.909236
36.492773,-75.899582
36.484991,-75.926936
36.491936,-75.969936
36.549845,-76.0128
36.566727,-76.019582
36.574645,-76.042355
36.55,-76.028991
36.518191,-76.038891
36.496654,-76.034727
36.411664,-75.986936
36.371936,-75.946655
36.351391,-75.9164
36.295545,-75.883327
36.118045,-75.796391
36.073845,-75.793155
36.110691,-75.852709
36.283809,-75.938946
36.311382,-75.976036
36.310827,-75.997355
36.192409,-75.952873
36.170891,-75.926536
36.1686,-75.949436
36.1811,-76.004655
36.202209,-76.032418
36.219736,-76.042746
36.288054,-76.139864
36.317391,-76.199655
36.2925,-76.222636
36.269154,-76.183609
36.258673,-76.150773
36.1976,-76.092164
36.1791,-76.075909
36.1493,-76.070973
36.094709,-76.214173
36.094991,-76.235827
36.134718,-76.334164
36.149991,-76.370836
36.118327,-76.367764
36.076945,-76.371382
36.009582,-76.495273
36.006936,-76.518618
36.033118,-76.659791
36.071645,-76.691173
36.117518,-76.710209
36.167354,-76.727636
36.209436,-76.718891
36.246727,-76.704582
36.228182,-76.7461
36.204154,-76.757509
36.145127,-76.760282
36.094773,-76.753836
36.0476,-76.733918
35.939845,-76.729518
35.933045,-76.662218
35.939709,-76.553746
35.9461,-76.529727
35.964991,-76.470273
35.978736,-76.420136
35.975273,-76.392773
35.957627,-76.379855
35.919154,-76.279173
35.918882,-76.2675
35.954054,-76.301736
35.995964,-76.174718
35.993191,-76.077509
35.982209,-76.051109
35.962218,-76.026527
35.922773,-76.021809
35.873745,-76.053046
35.846936,-76.060273
35.793609,-76.053055
35.749164,-76.041673
35.684364,-76.044755
35.691309,-76.109582
35.692391,-76.135627
35.660409,-76.1032
35.654091,-76.028746
35.710273,-75.993882
35.7911,-75.988536
35.813327,-75.995546
35.880545,-75.989436
35.897773,-75.9707
35.917773,-75.943327
35.975273,-75.850827
35.964991,-75.824727
35.919718,-75.783327
35.877909,-75.749173
35.814509,-75.720836
35.692627,-75.720836
35.618464,-75.740764
35.571382,-75.789446
35.5661,-75.816955
35.566936,-75.838336
35.584718,-75.86
35.575554,-75.893618
35.516664,-75.979582
35.4661,-76.002227
35.424164,-76.041109
35.359854,-76.133191
35.336936,-76.149173
35.372209,-76.461946
35.384718,-76.496109
35.404164,-76.522509
35.484936,-76.567109
35.508809,-76.563755
35.531936,-76.515564
35.551036,-76.5882
35.535827,-76.614864
35.522491,-76.631946
35.458882,-76.616109
35.431382,-76.601391
35.414991,-76.6525
35.461664,-76.912918
35.477282,-76.942636
35.526936,-77.049582
35.486936,-77.023055
35.392218,-76.832509
35.307909,-76.502982
35.271664,-76.468891
35.225818,-76.4875
35.233609,-76.563609
35.166936,-76.664891
35.160127,-76.573055
35.137909,-76.552918
35.114854,-76.565555
35.074164,-76.604018
35.043327,-76.654173
35.001518,-76.727082
34.987773,-76.7614
34.985591,-76.805309
34.992545,-76.836064
35,-76.867218
35.068054,-76.976391
35.149782,-77.068164
34.997773,-76.965009
34.969573,-76.9318
34.953882,-76.89
34.943518,-76.840691
34.939436,-76.816355
34.926654,-76.778882
34.905264,-76.753064
34.918609,-76.738746
34.948873,-76.697218
34.982418,-76.633818
35.004436,-76.529173
35.009164,-76.489436
35.066764,-76.453564
35.042773,-76.432364
34.987818,-76.433955
34.962982,-76.4623
34.935236,-76.453191
34.941154,-76.415327
34.974291,-76.323546
34.996245,-76.333755
35.022209,-76.351246
35.012636,-76.312636
34.962627,-76.271809
34.936936,-76.2925
34.881936,-76.343264
34.864227,-76.383046
34.847773,-76.411391
34.776382,-76.481382
34.736173,-76.500627
34.710136,-76.626109
34.717282,-76.653609
34.757809,-76.660973
34.797491,-76.683255
34.766591,-76.759936
34.677418,-77.094236
34.693318,-77.123318
34.654709,-77.175555
34.584436,-77.273055
34.559718,-77.309582
34.575991,-77.3339
34.600991,-77.350236
34.639918,-77.330973
34.733045,-77.388473
34.741936,-77.428882
34.713054,-77.424436
34.689154,-77.409436
34.6126,-77.385718
34.562936,-77.379046
34.516454,-77.381727
34.514445,-77.421246
34.504027,-77.455273
34.436936,-77.573627
34.412218,-77.614582
34.398045,-77.636673
34.379436,-77.664446
34.365545,-77.682218
34.341936,-77.705273
34.285273,-77.757236
34.191936,-77.835009
34.150827,-77.862218
34.130818,-77.869718
34.061664,-77.882146
34.032773,-77.884173
33.937145,-77.922636
33.926936,-77.934436
33.991936,-77.9225
34.0193,-77.920691
34.117564,-77.927282
34.149018,-77.955627
34.119436,-77.950836
34.091382,-77.947773
34.064991,-77.944991
34.028745,-77.946246
33.992427,-77.952991
33.942764,-77.976109
33.889364,-78.025973
33.895,-78.069736
33.904709,-78.101391
33.914709,-78.153891
33.919854,-78.237355
33.898045,-78.437209
33.879991,-78.518064
33.881664,-78.572218
33.8793,-78.582091
33.870827,-78.600555
33.730273,-78.8275
33.707218,-78.861255
33.691936,-78.881382
33.657491,-78.917773
33.638045,-78.9375
33.591664,-78.980836
33.415682,-79.137646
33.389436,-79.148618
33.314436,-79.164173
33.278936,-79.196446
33.314164,-79.2691
33.336936,-79.263482
33.377209,-79.237291
33.430273,-79.199682
33.413318,-79.226109
33.373318,-79.271391
33.329436,-79.289582
33.305136,-79.295691
33.284164,-79.294582
33.266391,-79.2825
33.244045,-79.255609
33.232554,-79.224782
33.185545,-79.204727
33.165545,-79.205836
33.141109,-79.233064
33.099209,-79.297073
33.079754,-79.344355
33.058945,-79.371718
33.008191,-79.388336
33.004718,-79.445264
33.009164,-79.494436
33.0334,-79.523191
33.015545,-79.571391
32.986518,-79.6025
32.9393,-79.627909
32.9175,-79.612218
32.804154,-79.732636
32.775273,-79.794727
32.767209,-79.815827
32.770718,-79.857336
32.790882,-79.883973
32.818191,-79.893673
32.838809,-79.8784
32.852009,-79.895418
32.853464,-79.942636
32.787909,-79.969173
32.763327,-79.950136
32.745145,-79.910191
32.727727,-79.882391
32.694854,-79.877982
32.673882,-79.900282
32.662491,-79.917218
32.618327,-79.987782
32.6061,-80.046955
32.540836,-80.222782
32.480409,-80.327718
32.471654,-80.409164
32.498364,-80.4319
32.515,-80.536946
32.520273,-80.611391
32.522909,-80.6693
32.500164,-80.680009
32.485754,-80.555
32.491173,-80.530555
32.475127,-80.482091
32.398045,-80.429509
32.351936,-80.442491
32.317491,-80.465
32.286109,-80.533327
32.268054,-80.574446
32.256382,-80.631382
32.293782,-80.643073
32.342991,-80.641664
32.422764,-80.653609
32.450273,-80.674436
32.397218,-80.674709
32.328164,-80.682609
32.319718,-80.711118
32.3727,-80.764518
32.461382,-80.798046
32.500273,-80.806946
32.519991,-80.832364
32.462491,-80.8275
32.419164,-80.816255
32.310545,-80.783327
32.284718,-80.7664
32.260064,-80.740346
32.258882,-80.710346
32.217073,-80.672291
32.156654,-80.7207
32.109582,-80.819727
32.152491,-80.8011
32.156654,-80.825564
32.079436,-80.879164
32.0418,-80.896191
32.027854,-80.892964
32.006282,-80.835418
31.971936,-80.854718
31.894582,-80.934582
31.861936,-80.977709
31.792218,-81.055555
31.728609,-81.121936
31.692636,-81.126936
31.613327,-81.136946
31.564854,-81.1659
31.560109,-81.241755
31.565273,-81.279027
31.567773,-81.3025
31.554791,-81.329027
31.491109,-81.2841
31.5018,-81.252064
31.474718,-81.204727
31.357218,-81.2775
31.323054,-81.293882
31.267182,-81.268955
31.221245,-81.284236
31.162427,-81.386036
31.177627,-81.404082
31.205064,-81.408536
31.207218,-81.4441
31.113473,-81.488436
31.084691,-81.435636
31.089727,-81.409882
31.029027,-81.419446
30.942218,-81.459591
30.927218,-81.473609
30.900691,-81.501391
30.849445,-81.533755
30.800273,-81.510146
30.777918,-81.492909
30.752009,-81.487291
30.732218,-81.495273
30.713464,-81.507336
30.691936,-81.472782
30.639436,-81.435273
30.573054,-81.444155
30.508327,-81.453064
30.467082,-81.412509
30.385,-81.3907
30.358054,-81.392773
30.283191,-81.390836
30.261109,-81.386127
30.190273,-81.361118
30.074436,-81.329727
29.973882,-81.304173
29.903882,-81.287218
29.796664,-81.255282
29.776664,-81.248046
29.619718,-81.185273
29.558327,-81.159164
29.243045,-81.0139
29.153045,-80.966109
28.939718,-80.829727
28.747218,-80.7025
28.715964,-80.681173
28.669164,-80.638473
28.590554,-80.587218
28.554582,-80.565982
28.525,-80.552491
28.449336,-80.535173
28.432491,-80.559864
28.402218,-80.596955
28.339164,-80.597782
28.274164,-80.597782
28.246664,-80.597782
28.226109,-80.595555
28.194718,-80.590836
28.173609,-80.586946
28.142218,-80.580836
28.111109,-80.573064
28.079436,-80.561391
28.033745,-80.536946
27.968882,-80.496655
27.935827,-80.475009
27.918327,-80.464173
27.874473,-80.446136
27.864436,-80.446655
27.954718,-80.507782
28.044582,-80.561391
28.114854,-80.593055
28.1375,-80.600827
28.161109,-80.607227
28.217909,-80.620282
28.328054,-80.621655
28.402773,-80.616946
28.424854,-80.605282
28.468882,-80.591673
28.501664,-80.584309
28.548882,-80.584655
28.608609,-80.6032
28.608327,-80.6593
28.588954,-80.674573
28.604373,-80.755346
28.635691,-80.782491
28.687182,-80.770346
28.708118,-80.745055
28.731727,-80.751455
28.771664,-80.813046
28.780973,-80.843609
28.651664,-80.823064
28.420691,-80.757236
28.3375,-80.718891
28.034445,-80.576673
27.854164,-80.486936
27.812564,-80.4609
27.787218,-80.441936
27.769164,-80.4325
27.695545,-80.397227
27.668609,-80.385564
27.632218,-80.371936
27.583327,-80.356036
27.538191,-80.349518
27.429991,-80.312073
27.193609,-80.215009
27.138191,-80.150973
27.051664,-80.105273
26.985691,-80.082509
26.864436,-80.051664
26.795691,-80.035336
26.632354,-80.028746
26.552982,-80.035209
26.515,-80.046391
26.492491,-80.050827
26.383609,-80.067509
26.200545,-80.094727
25.905554,-80.136127
25.743191,-80.191236
25.684164,-80.255846
25.599373,-80.312909
25.5425,-80.313327
25.538054,-80.311936
25.502427,-80.339446
25.319718,-80.3761
25.249854,-80.421109
25.207909,-80.419446
25.186654,-80.397509
25.191209,-80.415309
25.241936,-80.453546
25.216327,-80.488873
25.198745,-80.503155
25.233982,-80.510909
25.245545,-80.539991
25.240545,-80.573964
25.186936,-80.652218
25.163609,-80.682218
25.162218,-80.827791
25.127773,-81.046664
25.115554,-81.088055
25.126382,-81.103336
25.160409,-81.146673
25.240482,-81.1775
25.320536,-81.135609
25.298718,-81.108673
25.280273,-81.091664
25.211109,-81.003346
25.2009,-80.977209
25.219854,-80.928891
25.246873,-80.917846
25.299164,-80.954455
25.322427,-80.990836
25.329582,-81.0425
25.3654,-81.107718
25.379527,-81.126391
25.408327,-81.144864
25.471109,-81.172227
25.788054,-81.327655
25.809718,-81.340909
25.835691,-81.3768
25.848882,-81.402218
25.919718,-81.558609
25.930545,-81.618327
25.914436,-81.674709
25.959445,-81.736591
26.086936,-81.780564
26.1,-81.800418
26.138882,-81.811109
26.165554,-81.816955
26.35,-81.841109
26.445691,-81.881618
26.481827,-81.969309
26.5012,-81.955246
26.512327,-81.918727
26.533609,-81.922773
26.7069,-81.785936
26.660273,-81.891118
26.628054,-81.915618
26.5993,-81.920064
26.540827,-81.948746
26.529218,-82.023373
26.554373,-82.066946
26.683882,-82.08
26.707773,-82.079727
26.847773,-82.049436
26.964718,-82.017227
26.9525,-82.100282
26.938045,-82.191936
26.874164,-82.164173
26.818882,-82.150836
26.782882,-82.158891
26.829582,-82.291109
26.844436,-82.309436
26.935409,-82.378882
26.962354,-82.396391
27.021945,-82.424436
27.090827,-82.456118
27.288536,-82.5384
27.319718,-82.545
27.391245,-82.571536
27.409718,-82.587218
27.461664,-82.655273
27.465273,-82.646118
27.496936,-82.590836
27.550273,-82.583755
27.553609,-82.616109
27.640554,-82.5475
27.656664,-82.534727
27.732909,-82.465836
27.744991,-82.442218
27.780691,-82.405009
27.821109,-82.388546
27.880554,-82.4075
27.919436,-82.424164
27.930827,-82.443327
28.029854,-82.691246
27.925618,-82.714927
27.883609,-82.637509
27.873054,-82.603609
27.821873,-82.595073
27.7225,-82.622773
27.696109,-82.636527
27.658054,-82.724727
27.679436,-82.744446
27.814445,-82.835009
27.832773,-82.843891
27.858609,-82.854164
27.894854,-82.852291
27.941727,-82.827782
27.897182,-82.835727
27.936664,-82.809436
27.969718,-82.7975
28.070273,-82.7739
28.230545,-82.749727
28.305554,-82.716109
28.436936,-82.664027
28.539436,-82.641682
28.696382,-82.6286
28.752364,-82.636809
28.767773,-82.654173
28.804054,-82.675618
28.825827,-82.641109
28.849582,-82.628882
28.880136,-82.629718
28.894991,-82.644582
29.0075,-82.750836
29.070554,-82.769455
29.154991,-82.802782
29.163882,-82.831955
29.182773,-82.933064
29.186245,-82.962636
29.179718,-82.983746
29.224436,-83.071673
29.274436,-83.100282
29.422773,-83.2225
29.505273,-83.352218
29.514164,-83.374436
29.525409,-83.398064
29.575827,-83.4075
29.668327,-83.428055
29.680545,-83.466946
29.722636,-83.536664
29.766527,-83.578273
29.805418,-83.583264
29.875691,-83.631946
29.906109,-83.669446
29.9525,-83.737782
29.974091,-83.788191
29.984436,-83.824446
30.017636,-83.889309
30.050554,-83.9375
30.097636,-84.010982
30.101391,-84.031682
30.105691,-84.205555
30.096382,-84.264309
30.070827,-84.329182
29.997082,-84.459027
29.958045,-84.437491
29.955554,-84.412364
29.958045,-84.386127
29.941454,-84.336736
29.92,-84.335
29.894373,-84.347291
29.904809,-84.376555
29.916936,-84.409727
29.920973,-84.449309
29.914718,-84.515836
29.899436,-84.550827
29.886936,-84.574718
29.845827,-84.651946
29.800827,-84.722782
29.781245,-84.752227
29.751109,-84.83
29.7375,-84.865555
29.747218,-84.885282
29.795591,-84.864155
29.779718,-84.915009
29.733609,-84.977782
29.719991,-85.06
29.699436,-85.208891
29.688882,-85.295273
29.676382,-85.341673
29.677773,-85.357091
29.691109,-85.374309
29.710964,-85.386673
29.751664,-85.400555
29.793745,-85.412227
29.813882,-85.413327
29.864682,-85.3992
29.821109,-85.399027
29.791664,-85.396664
29.7411,-85.3857
29.713882,-85.372218
29.686973,-85.347118
29.699991,-85.306591
29.744164,-85.302218
29.815973,-85.307209
29.897909,-85.362909
29.933609,-85.405827
30.033882,-85.546391
30.07,-85.6136
30.104627,-85.629391
30.102354,-85.598691
30.074564,-85.550318
30.060554,-85.521536
30.025827,-85.476955
30.017673,-85.439436
30.041527,-85.393891
30.055409,-85.413191
30.054164,-85.442491
30.146,-85.647382
30.190664,-85.688246
30.246109,-85.663618
30.297218,-85.746946
30.287427,-85.838682
30.247082,-85.845555
30.227636,-85.829727
30.241454,-85.803536
30.240273,-85.764027
30.198827,-85.739
30.162164,-85.722582
30.125827,-85.725555
30.162773,-85.78
30.195545,-85.830291
30.216936,-85.872218
30.232218,-85.9025
30.244718,-85.929991
30.283882,-86.030836
30.303609,-86.085827
30.329436,-86.164718
30.358327,-86.255555
30.3725,-86.3125
30.384436,-86.337364
30.390827,-86.162509
30.379091,-86.104236
30.426109,-86.122773
30.473045,-86.197491
30.495827,-86.26
30.496109,-86.438046
30.47,-86.492909
30.415,-86.598055
30.415,-86.618327
30.417218,-86.664446
30.419164,-86.708618
30.416664,-86.780291
30.399164,-86.926664
30.393327,-86.970836
30.378609,-87.072227
30.373054,-87.098346
30.363882,-87.1261
30.369827,-87.175536
30.394436,-87.115827
30.400827,-87.084864
30.4075,-87.009455
30.417218,-86.986255
30.45,-86.936391
30.470827,-86.953609
30.52,-87.012509
30.526664,-87.101946
30.517773,-87.160836
30.498609,-87.1532
30.472145,-87.156673
30.431664,-87.179718
30.351109,-87.266109
30.345445,-87.302109
30.321382,-87.306655
30.314718,-87.334164
30.290554,-87.453064
30.279291,-87.522564
30.303327,-87.498546
30.306873,-87.4588
30.338327,-87.418055
30.434582,-87.340836
30.456309,-87.355064
30.480945,-87.420391
30.452773,-87.408891
30.420554,-87.422773
30.359718,-87.463336
30.279445,-87.568618
30.251945,-87.655973
30.234991,-87.733609
30.231664,-87.777218
30.225482,-88.021355
30.248327,-87.9525
30.244991,-87.915282
30.237564,-87.873746
30.262918,-87.778191
30.282427,-87.757709
30.303054,-87.763409
30.360827,-87.831682
30.3843,-87.8718
30.409718,-87.908409
30.495273,-87.934155
30.533882,-87.917782
30.569445,-87.909446
30.593891,-87.913055
30.641109,-87.930546
30.670345,-87.949027
30.701109,-88.020282
30.574718,-88.082509
30.512636,-88.100973
30.470273,-88.102218
30.3975,-88.107227
30.367082,-88.111109
30.318954,-88.131455
30.331527,-88.194027
30.359927,-88.192318
30.404227,-88.3534
30.387664,-88.402191
30.356391,-88.405973
30.3175,-88.457927
30.323054,-88.484446
30.348327,-88.559864
30.363609,-88.614436
30.345691,-88.696109
30.346382,-88.7225
30.354164,-88.744718
30.377636,-88.788191
30.413054,-88.832509
30.418327,-88.980836
30.386382,-88.985
30.327082,-89.202355
30.318264,-89.264446
30.310554,-89.3118
30.1843,-89.448255
30.183882,-89.498609
30.186854,-89.522064
30.153264,-89.593127
30.183773,-89.695
30.223327,-89.819736
30.266382,-89.979582
30.301109,-89.987918
30.319164,-90.000827
30.358882,-90.063891
30.365554,-90.089446
30.387773,-90.187627
30.386945,-90.213755
30.376527,-90.236255
30.203473,-90.415
30.178609,-90.427909
30.1518,-90.430546
30.123473,-90.425136
30.097909,-90.412636
30.061664,-90.349727
30.023473,-90.170136
30.022218,-90.131673
30.036664,-90.034027
30.099164,-89.811936
30.142727,-89.722309
30.167145,-89.673536
30.133191,-89.642646
30.058054,-89.719164
30.0443,-89.769518
30.0443,-89.805691
30.032918,-89.827791
30.007082,-89.843746
29.981109,-89.835555
29.945482,-89.817846
29.879027,-89.683609
29.873882,-89.658055
29.8734,-89.625691
29.899582,-89.5893
29.961109,-89.565827
30.074609,-89.476318
30.050827,-89.399446
29.878191,-89.333755
29.7625,-89.404173
29.790273,-89.412218
29.808327,-89.429718
29.821382,-89.448046
29.832291,-89.476391
29.738882,-89.590564
29.666382,-89.662509
29.632982,-89.752718
29.525691,-89.677782
29.462491,-89.519164
29.403045,-89.464173
29.350554,-89.317509
29.334718,-89.255846
29.339718,-89.187209
29.215827,-89.029173
29.196382,-89.009318
29.174164,-89.008755
29.140273,-89.021664
29.110409,-89.042355
29.04,-89.153882
29.096109,-89.249436
29.042218,-89.306946
29.018327,-89.325846
28.9868,-89.338336
28.953609,-89.363055
28.932082,-89.390627
28.926664,-89.405
28.931109,-89.413055
28.974582,-89.3975
28.9893,-89.381246
29.003609,-89.365827
29.0825,-89.301936
29.149645,-89.272018
29.178045,-89.324309
29.153118,-89.329655
29.1218,-89.323755
29.101664,-89.331391
29.086664,-89.355418
29.092082,-89.389582
29.233609,-89.478609
29.251109,-89.6084
29.300827,-89.708346
29.339164,-89.770564
29.360554,-89.750827
29.414854,-89.773336
29.443882,-89.831682
29.486382,-89.985273
29.551391,-90.119155
29.569854,-90.1825
29.544718,-90.203273
29.510827,-90.1911
29.488054,-90.172082
29.465827,-90.124864
29.461382,-90.096664
29.459582,-90.058746
29.425136,-90.026527
29.311945,-90.056946
29.221527,-90.051591
29.183327,-90.065827
29.139027,-90.115964
29.126382,-90.135836
29.091109,-90.209446
29.083609,-90.2375
29.0825,-90.247773
29.092218,-90.235973
29.118464,-90.235691
29.197218,-90.255573
29.259718,-90.272782
29.309164,-90.345
29.3175,-90.393618
29.326109,-90.444446
29.289718,-90.524446
29.233327,-90.589718
29.158054,-90.647227
29.129718,-90.678609
29.115827,-90.702018
29.109436,-90.765018
29.128745,-90.878327
29.150827,-90.912218
29.1643,-90.93
29.219236,-90.998891
29.213118,-91.035346
29.194164,-91.048327
29.194854,-91.077646
29.202218,-91.096955
29.226936,-91.194718
29.231664,-91.219455
29.2443,-91.254864
29.255836,-91.277918
29.271382,-91.299436
29.295273,-91.322236
29.324718,-91.339309
29.360554,-91.223327
29.329791,-91.162146
29.293191,-91.163055
29.273609,-91.173473
29.249436,-91.149236
29.2625,-91.117709
29.325418,-91.114436
29.347354,-91.126527
29.466936,-91.267227
29.540273,-91.415009
29.532218,-91.523055
29.542773,-91.543336
29.586109,-91.5511
29.630482,-91.557146
29.739027,-91.631036
29.7486,-91.664173
29.795554,-91.8239
29.828264,-91.838818
29.836109,-91.899173
29.768891,-92.148618
29.690273,-92.175827
29.615554,-92.099727
29.59,-92.137218
29.540973,-92.2732
29.539718,-92.308336
29.542218,-92.337218
29.575827,-92.570009
29.600273,-92.687773
29.620691,-92.751109
29.643891,-92.813609
29.663054,-92.855273
29.693327,-92.905564
29.739164,-93.037509
29.763609,-93.118327
29.769445,-93.144727
29.785,-93.240827
29.786945,-93.272227
29.786664,-93.299991
29.763882,-93.667773
29.759164,-93.719309
29.75,-93.75
29.727354,-93.794027
29.708191,-93.823473
29.708818,-93.850491
29.745273,-93.885555
29.791109,-93.900982
29.817564,-93.892009
29.830691,-93.862082
29.833882,-93.811864
29.900409,-93.773064
29.976282,-93.768027
29.994854,-93.789727
29.994164,-93.796664
29.985136,-93.852009
29.816664,-93.958473
29.786318,-93.947491
29.765554,-93.914718
29.740409,-93.8907
29.681627,-93.858436
29.672145,-93.890909
29.681518,-93.920273
29.679164,-94.036391
29.674164,-94.068346
29.653609,-94.1343
29.584164,-94.317509
29.5275,-94.458891
29.461936,-94.62
29.447082,-94.653609
29.429164,-94.683609
29.409436,-94.708064
29.380691,-94.733746
29.367909,-94.754173
29.373536,-94.786946
29.397218,-94.781109
29.467491,-94.692082
29.494436,-94.612209
29.516527,-94.515418
29.558882,-94.476591
29.573191,-94.574027
29.552773,-94.675555
29.568054,-94.765836
29.612909,-94.730418
29.633745,-94.722082
29.653327,-94.717227
29.711109,-94.706664
29.7568,-94.711046
29.785,-94.757018
29.761945,-94.824309
29.749164,-94.840564
29.695827,-94.955555
29.716518,-95.007091
29.715064,-95.060064
29.565554,-95.015836
29.4209,-94.897991
29.385273,-94.887509
29.337773,-94.8939
29.314445,-94.902791
29.181936,-95.086946
29.051245,-95.148609
28.931527,-95.303191
28.912773,-95.331955
28.896109,-95.359727
28.755554,-95.618327
28.738136,-95.689891
28.7373,-95.745673
28.736936,-95.797227
28.686418,-95.941109
28.626318,-95.941518
28.64,-95.896118
28.650273,-95.8761
28.668191,-95.847782
28.680827,-95.816982
28.692491,-95.765509
28.648327,-95.827227
28.635273,-95.858046
28.621382,-95.895555
28.610273,-95.929446
28.603609,-95.951673
28.598473,-95.979027
28.590273,-96.000564
28.573609,-96.036118
28.560827,-96.059436
28.5575,-96.064164
28.521945,-96.1311
28.510554,-96.156391
28.488118,-96.212009
28.509791,-96.195618
28.538327,-96.146664
28.573882,-96.072364
28.584445,-96.045836
28.591945,-96.025282
28.603882,-95.996518
28.632354,-95.981664
28.651036,-95.990682
28.645,-96.029727
28.634445,-96.059155
28.622773,-96.081391
28.612218,-96.106946
28.602082,-96.133609
28.581945,-96.217427
28.603264,-96.207218
28.602773,-96.183191
28.627291,-96.1408
28.695482,-96.192082
28.685136,-96.267364
28.736191,-96.394109
28.760273,-96.442909
28.725882,-96.437655
28.635482,-96.408673
28.622009,-96.375546
28.601382,-96.411527
28.5993,-96.431936
28.619445,-96.495546
28.647773,-96.5552
28.674164,-96.562636
28.697564,-96.562564
28.719227,-96.594718
28.711936,-96.644727
28.685554,-96.651318
28.566936,-96.583891
28.509445,-96.489991
28.441727,-96.399973
28.324164,-96.624709
28.315209,-96.659309
28.334091,-96.697009
28.369991,-96.702227
28.3977,-96.707082
28.437773,-96.746946
28.471518,-96.800336
28.409854,-96.845218
28.388045,-96.831809
28.348954,-96.783818
28.241382,-96.780836
28.140273,-96.882764
28.127082,-96.930973
28.121109,-96.983336
28.135827,-97.016109
28.186382,-97.028064
28.1618,-97.169373
28.068536,-97.213473
28.060273,-97.182918
28.04,-97.146664
28.028054,-97.144164
28.069718,-97.098064
28.091664,-97.046109
28.078609,-97.025836
28.031664,-97.0225
27.8218,-97.194509
27.8209,-97.226455
27.8525,-97.345273
27.878054,-97.492491
27.863818,-97.517091
27.825827,-97.484718
27.783336,-97.392773
27.715545,-97.315555
27.656109,-97.279727
27.395273,-97.386946
27.327291,-97.412991
27.306245,-97.49
27.377218,-97.525282
27.3448,-97.624691
27.370882,-97.638273
27.385554,-97.676936
27.432218,-97.723327
27.449718,-97.769336
27.395545,-97.723327
27.316982,-97.6767
27.276664,-97.660827
27.2525,-97.633891
27.235273,-97.533891
27.257773,-97.476946
27.262291,-97.429364
27.128054,-97.444446
27.030827,-97.475009
27.005482,-97.557418
26.9818,-97.565555
26.842082,-97.560409
26.816873,-97.539855
26.807009,-97.504027
26.790273,-97.491946
26.739436,-97.477491
26.545554,-97.423046
26.411945,-97.412782
26.369445,-97.401946
26.365136,-97.369436
26.246109,-97.318618
26.213327,-97.319455
26.161382,-97.317509
26.122773,-97.307218
25.981936,-97.240773
25.992491,-97.209309
26.027709,-97.180655
26.070136,-97.167882
26.040273,-97.150555
26.017218,-97.146118
25.979727,-97.141036
25.966427,-97.140736
25.967218,-97.160846
25.941109,-97.265291
25.92,-97.315291
25.893054,-97.346682
25.859654,-97.344736
25.839854,-97.364727
25.843327,-97.417227
25.898327,-97.514446
25.951109,-97.559446
26.005,-97.614455
26.029445,-97.648055
26.038054,-97.6789
26.058054,-97.803346
26.063609,-97.847509
26.058609,-97.979736
26.047773,-98.033336
26.038891,-98.060146
26.0625,-98.200009
26.097773,-98.286118
26.109164,-98.305282
26.153609,-98.361391
26.191664,-98.388064
26.223327,-98.439873
26.256109,-98.578336
26.256664,-98.604736
26.289718,-98.695564
26.314445,-98.730009
26.348891,-98.784182
26.391391,-98.925291
26.405827,-98.975573
26.435,-99.104736
26.526945,-99.132509
26.714445,-99.200564
26.803609,-99.239727
26.830827,-99.253346
26.859927,-99.271127
26.869854,-99.319246
27.046945,-99.458618
27.258054,-99.443346
27.476664,-99.4732
27.568054,-99.5039
27.600064,-99.530836
27.641245,-99.606182
27.641391,-99.653627
27.656945,-99.6964
27.668936,-99.7139
27.689164,-99.727436
27.714718,-99.7414
27.727145,-99.7589
27.737636,-99.7823
27.766664,-99.7982
27.771745,-99.8067
27.7743,-99.832927
27.805136,-99.860909
27.855554,-99.871946
27.903891,-99.880836
27.961664,-99.935009
27.984718,-99.962236
28.116391,-100.050846
28.155618,-100.078336
28.165691,-100.108473
28.1975,-100.1864
28.242773,-100.240282
28.280554,-100.281464
28.400409,-100.331264
28.425418,-100.329591
28.494718,-100.350846
28.518327,-100.359173
28.571109,-100.399446
28.626391,-100.443891
28.675836,-100.479864
28.704164,-100.492373
28.725709,-100.491818
28.822773,-100.527364
28.863609,-100.564455
28.894718,-100.590564
28.933327,-100.621946
28.958609,-100.634455
28.995827,-100.628209
29.109027,-100.665836
29.258745,-100.795709
29.35,-100.936955
29.437773,-101.025282
29.4615,-101.043
29.482082,-101.106673
29.490691,-101.139036
29.540273,-101.218609
29.615273,-101.310836
29.660554,-101.355836
29.692473,-101.369355
29.772782,-101.405009
29.772218,-101.456682
29.771109,-101.539173
29.766391,-101.628764
29.778054,-101.706682
29.788891,-101.745009
29.796664,-101.774736
29.804718,-101.825836
29.806109,-101.892227
29.805827,-101.990846
29.798473,-102.0482
29.798191,-102.072782
29.802773,-102.0975
29.810554,-102.121946
29.847218,-102.227782
29.867918,-102.261255
29.887982,-102.301809
29.850554,-102.355564
29.781664,-102.496255
29.767773,-102.560836
29.742773,-102.670291
29.474082,-102.804764
29.352218,-102.851118
29.254164,-102.895846
29.183054,-102.955
29.094164,-103.051955
28.984027,-103.163691
28.996518,-103.290873
28.997364,-103.296255
29.023609,-103.375
29.036391,-103.401118
29.073054,-103.461946
29.088891,-103.485
29.126109,-103.5314
29.199164,-103.735836
29.285827,-103.889173
29.305827,-103.975009
29.321109,-104.023618
29.330827,-104.045291
29.3425,-104.063609
29.355273,-104.080836
29.422773,-104.169727
29.460973,-104.202436
29.494445,-104.228346
29.508327,-104.252791
29.525973,-104.285136
29.5309,-104.316746
29.525,-104.338055
29.569445,-104.419173
29.595836,-104.453336
29.672918,-104.541818
29.940973,-104.678064
30.005,-104.695009
30.058882,-104.701327
30.105418,-104.679309
30.167773,-104.675
30.1875,-104.682236
30.233327,-104.705564
30.318054,-104.776946
30.386109,-104.822236
30.466391,-104.865009
30.525,-104.879727
30.566245,-104.896527
30.607636,-104.934727
30.632218,-104.990846
30.694164,-105.061955
30.749718,-105.125
30.778609,-105.169446
30.804718,-105.222573
30.797218,-105.253064
30.865836,-105.393064
30.946391,-105.490709
30.996391,-105.5414
31.057918,-105.5807
31.081527,-105.600009
31.144164,-105.710009
31.178264,-105.771664
31.208191,-105.786955
31.254445,-105.827518
31.269164,-105.841946
31.2825,-105.858064
31.369718,-105.972782
31.395273,-106.011673
31.4025,-106.062927
31.431945,-106.143618
31.472218,-106.209873
31.5593,-106.272227
31.5975,-106.289173
31.6375,-106.303346
31.687354,-106.334309
31.7475,-106.395846
31.754027,-106.416536
31.751664,-106.439182
31.750273,-106.460009
31.757082,-106.4964
31.780754,-106.522882
31.782054,-106.539564
31.783609,-106.608336
31.783336,-107.075291
31.783882,-107.141682
31.783336,-107.174727
31.783882,-107.241955
31.783336,-107.274727
31.783882,-107.341136
31.783336,-107.375
31.783882,-107.441391
31.783336,-107.507782
31.783882,-107.575009
31.783336,-107.608064
31.783882,-107.708073
31.783054,-107.908336
31.783882,-108.175
31.783336,-108.208618
31.699445,-108.207782
31.599445,-108.208618
31.532773,-108.207782
31.433327,-108.208618
31.366391,-108.207782
31.333054,-108.208346
31.332773,-108.778636
31.333173,-108.816655
31.332627,-108.831936
31.3326,-108.832764
31.3326,-109.047364
31.332873,-109.058927
31.333327,-109.512218
31.332773,-109.879182
31.332773,-110.245564
31.332773,-110.311955
31.333054,-111.045836
31.454164,-111.417509
31.623609,-111.946382
31.735545,-112.299436
31.798373,-112.5
31.913409,-112.867282
31.971073,-113.052891
32.061082,-113.344509
32.167573,-113.692009
32.2183,-113.858282
32.279727,-114.061318
32.364945,-114.3439
32.437091,-114.585536
32.5005,-114.795227
32.506991,-114.809827
32.557782,-114.791673
32.685273,-114.731391
32.711109,-114.721391
32.718454,-114.719091
32.717709,-114.7298
32.707854,-114.871346
32.696991,-115.025891
32.684436,-115.2025
32.669718,-115.404164
32.654718,-115.605564
32.631945,-115.907782
32.605773,-116.242636
32.585,-116.508146
32.5686,-116.713055
32.552218,-116.914173
32.536664,-117.095291
32.535327,-117.122373
32.565827,-117.133327
32.659291,-117.182709
32.683027,-117.212909
32.697054,-117.212382
32.697591,-117.200509
32.674936,-117.174082
32.6186,-117.147227
32.621309,-117.115627
32.642491,-117.116655
32.680618,-117.141391
32.7277,-117.202155
32.715618,-117.228809
32.684645,-117.240546
32.662536,-117.242046
32.657136,-117.254991
32.688427,-117.268482
32.7086,-117.266109
32.770418,-117.258764
32.829218,-117.280346
32.860827,-117.252918
32.871291,-117.249064
32.889718,-117.25
32.977073,-117.269864
33.105273,-117.319736
33.124436,-117.329455
33.141664,-117.340291
33.244154,-117.409436
33.327491,-117.480827
33.342218,-117.495
33.442764,-117.631946
33.470545,-117.6725
33.539436,-117.774436
33.595682,-117.863891
33.600554,-117.884018
33.606654,-117.910827
33.620545,-117.936109
33.632764,-117.955
33.645545,-117.973618
33.662491,-117.995
33.694018,-118.027082
33.709436,-118.045273
33.739718,-118.083073
33.756936,-118.108182
33.766664,-118.134746
33.784164,-118.222218
33.757773,-118.267127
33.723318,-118.272091
33.7161,-118.297773
33.720827,-118.318073
33.749854,-118.400018
33.7818,-118.417464
33.808045,-118.398618
33.840964,-118.386182
33.921245,-118.421109
33.939154,-118.4325
33.967764,-118.454455
33.987773,-118.471118
34.031109,-118.5089
34.047909,-118.530009
34.055691,-118.554446
34.049436,-118.655
34.046109,-118.697773
34.039718,-118.7525
34.033191,-118.781109
34.030545,-118.8364
34.055545,-118.936109
34.062209,-118.9614
34.0675,-118.981109
34.113882,-119.129173
34.136109,-119.1743
34.164918,-119.219655
34.223464,-119.255846
34.283518,-119.312473
34.3575,-119.416109
34.373318,-119.446664
34.414154,-119.541673
34.420545,-119.577218
34.423609,-119.599727
34.424709,-119.624709
34.426382,-119.798609
34.467909,-120.003746
34.478736,-120.130827
34.4736,-120.245
34.465827,-120.355
34.4561,-120.424155
34.455691,-120.449027
34.509573,-120.481946
34.530473,-120.495346
34.561936,-120.558327
34.562209,-120.583191
34.5586,-120.605827
34.584436,-120.625964
34.6236,-120.628327
34.641109,-120.623891
34.669436,-120.603327
34.690273,-120.594173
34.710818,-120.591382
34.860827,-120.598064
34.895,-120.624709
35.018609,-120.613746
35.100064,-120.600064
35.139436,-120.618191
35.171109,-120.680555
35.180545,-120.718682
35.164645,-120.738536
35.209991,-120.831391
35.228809,-120.8568
35.257218,-120.869727
35.279991,-120.868191
35.307491,-120.859164
35.355273,-120.841109
35.448873,-120.92
35.465964,-120.977082
35.479154,-120.999455
35.524991,-121.047773
35.649164,-121.166655
35.700127,-121.268755
35.766109,-121.296391
35.794027,-121.321536
35.829164,-121.368055
35.8943,-121.434991
35.928045,-121.4418
35.979436,-121.460964
35.997773,-121.472082
36.183045,-121.665418
36.229436,-121.758064
36.2411,-121.796109
36.315336,-121.867627
36.342909,-121.864164
36.393891,-121.873464
36.433873,-121.884746
36.467354,-121.897646
36.518054,-121.921664
36.594573,-121.943255
36.641245,-121.8998
36.619854,-121.865618
36.615127,-121.845
36.627073,-121.825564
36.648464,-121.809155
36.667909,-121.799309
36.759164,-121.774718
36.812491,-121.7639
36.884018,-121.799164
36.950691,-121.851109
36.972491,-121.879164
36.980336,-121.9136
36.969154,-121.978336
36.954854,-122.020291
36.954154,-122.041518
36.962354,-122.070973
36.995827,-122.147227
37.017627,-122.179582
37.199991,-122.379018
37.220273,-122.388346
37.251864,-122.393682
37.289718,-122.384455
37.329154,-122.373191
37.374436,-122.378046
37.484291,-122.425973
37.504364,-122.443327
37.512218,-122.480609
37.529991,-122.490282
37.5661,-122.495827
37.589991,-122.499446
37.752218,-122.490546
37.789927,-122.484309
37.810054,-122.448118
37.813809,-122.379636
37.786936,-122.359991
37.731654,-122.351391
37.687627,-122.356936
37.654436,-122.367355
37.615827,-122.357773
37.4593,-122.0643
37.457909,-122.023182
37.471373,-122.005836
37.479427,-122.029718
37.510273,-122.080836
37.602773,-122.125973
37.632209,-122.130827
37.662218,-122.138482
37.694709,-122.157227
37.714709,-122.174709
37.766664,-122.242764
37.826382,-122.299991
37.959164,-122.393409
37.990827,-122.352782
38.064164,-122.225273
38.047436,-122.163318
38.035264,-122.127727
38.0661,-122.015836
38.065545,-121.989436
38.054164,-121.915555
38.043054,-121.857227
38.036664,-121.833755
38.018118,-121.684855
38.048618,-121.6542
38.078991,-121.643491
38.104645,-121.591109
38.048882,-121.498046
38.012909,-121.427218
38.054991,-121.470555
38.110409,-121.553191
38.115691,-121.585009
38.096591,-121.662218
38.066464,-121.685218
38.047464,-121.722918
38.081154,-121.818682
38.0661,-121.905273
38.097209,-121.977782
38.148109,-122.018627
38.108782,-122.05
38.061382,-122.109736
38.109991,-122.264182
38.126936,-122.292082
38.136109,-122.311391
38.155545,-122.365282
38.147491,-122.390836
38.119573,-122.478327
37.936654,-122.479864
37.906936,-122.443327
37.883191,-122.420136
37.833464,-122.456673
37.831036,-122.505482
37.910545,-122.656664
38.001318,-122.782291
38.020273,-122.816964
38.054436,-122.896664
38.0536,-122.928327
38.058045,-122.956391
38.162491,-122.926936
38.107773,-122.84
38.081936,-122.803046
38.094991,-122.807773
38.127491,-122.830564
38.285273,-122.958618
38.462773,-123.107227
38.472909,-123.129027
38.491936,-123.171664
38.522764,-123.237209
38.540836,-123.266664
38.573882,-123.313064
38.624436,-123.353055
38.734018,-123.4475
38.796109,-123.536118
38.860827,-123.62
38.930409,-123.701518
38.9711,-123.707264
39.004582,-123.674582
39.025545,-123.666936
39.121936,-123.6861
39.178045,-123.712646
39.259436,-123.754182
39.353327,-123.7957
39.385827,-123.795691
39.496518,-123.774173
39.519154,-123.763064
39.554991,-123.736873
39.709709,-123.772364
39.791664,-123.820282
39.869154,-123.867491
39.949718,-123.931109
40.091664,-124.062355
40.116309,-124.092773
40.147909,-124.152573
40.174164,-124.202218
40.238045,-124.297236
40.272454,-124.331182
40.311936,-124.324036
40.336245,-124.323346
40.415264,-124.354309
40.4477,-124.375827
40.532218,-124.352355
40.581664,-124.331946
40.694718,-124.275009
40.724364,-124.252918
40.746382,-124.229446
40.745545,-124.199436
40.811936,-124.143064
40.991936,-124.098891
41.038536,-124.099309
41.057491,-124.1125
41.157491,-124.122218
41.249854,-124.090973
41.344154,-124.061391
41.394436,-124.045836
41.427773,-124.039991
41.463182,-124.0468
41.515273,-124.063609
41.683054,-124.118609
41.754164,-124.181382
41.819991,-124.215564
41.848045,-124.197355
41.869436,-124.190273
41.949718,-124.175282
41.994154,-124.184155
41.999464,-124.185855
42.018882,-124.203609
42.055827,-124.252782
42.073054,-124.289718
42.105964,-124.327509
42.124991,-124.339446
42.168054,-124.355564
42.243045,-124.3811
42.3161,-124.396955
42.374709,-124.408618
42.483882,-124.419855
42.517009,-124.401118
42.554227,-124.384718
42.628873,-124.382218
42.6661,-124.392636
42.682636,-124.412218
42.694854,-124.433055
42.748045,-124.481373
42.828609,-124.521946
42.8661,-124.524436
42.905682,-124.514864
42.924991,-124.503891
42.941654,-124.488327
42.964718,-124.473055
43.040691,-124.426655
43.188882,-124.387509
43.264445,-124.37
43.289164,-124.373318
43.319018,-124.378536
43.3551,-124.334164
43.395827,-124.248064
43.392354,-124.206664
43.378182,-124.188473
43.371691,-124.142782
43.4561,-124.196955
43.438491,-124.238064
43.415654,-124.263727
43.403173,-124.2851
43.400545,-124.302491
43.409427,-124.294727
43.439427,-124.2775
43.562764,-124.222227
43.596654,-124.212218
43.636382,-124.203746
43.674427,-124.187236
43.725264,-124.115827
43.754718,-124.134455
43.793882,-124.153882
43.920827,-124.131382
44.151654,-124.110282
44.522636,-124.068064
44.597354,-124.057909
44.625409,-124.047764
44.739154,-124.040973
44.769436,-124.049991
44.789991,-124.059436
44.836936,-124.054855
44.886936,-124.022509
44.949154,-124.003064
44.977764,-123.995
45.179854,-123.944782
45.215545,-123.955982
45.461109,-123.944718
45.520591,-123.9441
45.528982,-123.871609
45.5726,-123.892418
45.591936,-123.931109
45.674709,-123.900282
45.709164,-123.904718
45.731936,-123.929718
45.765827,-123.951682
45.8061,-123.95
45.894718,-123.936946
45.997564,-123.9166
46.030409,-123.909155
46.065691,-123.911527
46.095545,-123.916946
46.133327,-123.927355
46.181109,-123.951946
46.214436,-123.926936
46.190273,-123.828891
46.188045,-123.702209
46.202491,-123.595982
46.224854,-123.554027
46.239854,-123.535564
46.250136,-123.506255
46.246454,-123.474373
46.208673,-123.429791
46.186518,-123.416518
46.175,-123.398618
46.162909,-123.367355
46.144854,-123.263473
46.145827,-123.241809
46.160818,-123.203891
46.195191,-123.163573
46.171518,-123.258327
46.177354,-123.295273
46.222764,-123.371373
46.241664,-123.393064
46.2727,-123.409236
46.286936,-123.430409
46.289436,-123.4614
46.287218,-123.4875
46.281382,-123.518336
46.274854,-123.548191
46.272627,-123.589591
46.276382,-123.620136
46.292218,-123.6557
46.300545,-123.6936
46.293882,-123.737209
46.272764,-123.822246
46.260545,-123.857982
46.265691,-123.892491
46.323609,-124
46.409718,-124.038327
46.625127,-124.049991
46.656654,-124.038746
46.656236,-124.018336
46.574364,-124.005209
46.542218,-124.013636
46.498809,-124.013546
46.393818,-123.983464
46.392982,-123.941246
46.443045,-123.899436
46.532491,-123.879173
46.564164,-123.882
46.605827,-123.906527
46.6193,-123.9218
46.636654,-123.940827
46.687364,-123.895236
46.714227,-123.830836
46.697491,-123.810282
46.677773,-123.789718
46.685627,-123.759464
46.746654,-123.846664
46.754854,-123.876527
46.7402,-123.902927
46.723045,-123.959309
46.735545,-124.053609
46.749227,-124.078118
46.861382,-124.0975
46.886109,-124.082227
46.932773,-123.971936
46.937491,-123.938891
46.953327,-123.871936
46.976791,-123.801246
46.990827,-123.909155
46.9886,-123.961946
47.0009,-123.989236
47.023882,-124.000418
47.047218,-124.021946
47.062073,-124.050818
47.066245,-124.075
47.059509,-124.1116
47.042073,-124.133891
47.001391,-124.1225
46.975609,-124.110618
46.941654,-124.152564
46.946382,-124.164173
46.976654,-124.1575
47.007773,-124.152218
47.033054,-124.1489
47.060818,-124.148618
47.0911,-124.153064
47.221373,-124.183318
47.279436,-124.208891
47.313945,-124.227909
47.341936,-124.267227
47.373118,-124.300691
47.433054,-124.307218
47.535827,-124.327218
47.667218,-124.359291
47.729427,-124.395
47.8243,-124.4632
47.852218,-124.498891
47.871245,-124.525564
47.883045,-124.548746
47.885127,-124.579027
47.925,-124.618191
47.973318,-124.644727
47.996936,-124.655682
48.039854,-124.668191
48.064154,-124.6725
48.126382,-124.681382
48.184436,-124.687209
48.252218,-124.681955
48.371236,-124.7057
48.397073,-124.714309
48.399991,-124.637218
48.379718,-124.5661
48.372218,-124.546664
48.342218,-124.478882
48.316382,-124.415836
48.283882,-124.309436
48.275827,-124.232227
48.251391,-124.145
48.232073,-124.0993
48.211727,-124.085209
48.193045,-124.040282
48.188882,-124.016955
48.175827,-123.934718
48.171936,-123.897227
48.165827,-123.806955
48.165545,-123.786664
48.166664,-123.758346
48.170827,-123.673891
48.148327,-123.5089
48.131936,-123.401391
48.1286,-123.354173
48.129436,-123.242709
48.142354,-123.209173
48.159154,-123.187764
48.179436,-123.146664
48.190964,-123.113264
48.113327,-122.97
48.112282,-122.868046
48.135964,-122.846527
48.145973,-122.825282
48.158045,-122.781682
48.153945,-122.749436
48.127836,-122.747
48.110482,-122.7775
48.090273,-122.778064
48.010273,-122.7139
47.987282,-122.678682
47.915827,-122.630282
47.856945,-122.671664
47.763054,-122.747773
47.765545,-122.788064
47.812218,-122.779873
47.8325,-122.784727
47.860273,-122.795
47.831382,-122.8493
47.8061,-122.849446
47.783054,-122.841946
47.751391,-122.8511
47.703745,-122.875409
47.677491,-122.893891
47.6586,-122.914718
47.6186,-122.9664
47.603054,-122.983891
47.569718,-123.017227
47.469436,-123.104446
47.371654,-123.147927
47.359436,-123.129718
47.356382,-123.103882
47.368464,-123.006664
47.403882,-122.904718
47.414991,-122.876109
47.447318,-122.840627
47.445264,-122.8661
47.4261,-122.918064
47.409991,-122.954727
47.390273,-122.995982
47.379991,-123.024991
47.400827,-123.0975
47.443045,-123.084164
47.545273,-122.999736
47.607909,-122.942491
47.6343,-122.903336
47.656654,-122.836118
47.721664,-122.7361
47.747773,-122.728755
47.938045,-122.565555
47.922073,-122.5141
47.763736,-122.460036
47.742218,-122.541673
47.706654,-122.598464
47.640382,-122.593391
47.608436,-122.598091
47.619573,-122.638473
47.638464,-122.655418
47.6586,-122.671109
47.639227,-122.680827
47.545691,-122.663327
47.561664,-122.602782
47.578627,-122.5751
47.593182,-122.536518
47.500545,-122.508618
47.288045,-122.547764
47.278736,-122.571109
47.321764,-122.672909
47.348882,-122.644855
47.394436,-122.613682
47.420545,-122.619164
47.355545,-122.709582
47.290764,-122.743046
47.252627,-122.714136
47.211936,-122.728609
47.1893,-122.748964
47.201664,-122.771118
47.222627,-122.790418
47.270545,-122.811246
47.292236,-122.795436
47.320482,-122.767573
47.372073,-122.770209
47.395273,-122.7975
47.367764,-122.8125
47.313164,-122.8465
47.3,-122.902918
47.2845,-122.917009
47.250664,-122.926873
47.205691,-122.939573
47.180473,-122.980064
47.169718,-123.025282
47.155964,-123.062573
47.113882,-123.064855
47.124164,-123.025555
47.134991,-122.9514
47.066382,-122.900982
47.064154,-122.8786
47.156445,-122.885418
47.174991,-122.845136
47.182491,-122.792782
47.120273,-122.716946
47.151927,-122.639718
47.172764,-122.61
47.193882,-122.591382
47.224436,-122.565273
47.275827,-122.527091
47.297773,-122.459164
47.314709,-122.4164
47.3718,-122.313536
47.404573,-122.309582
47.485264,-122.351391
47.546664,-122.385146
47.586382,-122.398618
47.672218,-122.418327
47.832354,-122.3736
47.958191,-122.2911
48.074164,-122.320555
48.213427,-122.374409
48.225536,-122.442627
48.169918,-122.47
48.1336,-122.4468
48.119709,-122.429991
48.115,-122.4514
48.129082,-122.500418
48.182909,-122.528464
48.205127,-122.531109
48.236027,-122.520691
48.250418,-122.498336
48.255,-122.4557
48.255136,-122.434018
48.247082,-122.4157
48.238182,-122.3975
48.284718,-122.378191
48.309436,-122.392846
48.425791,-122.590946
48.411236,-122.607082
48.403182,-122.625827
48.404709,-122.658336
48.418327,-122.679582
48.494782,-122.698736
48.511245,-122.619718
48.484854,-122.550418
48.467354,-122.536109
48.453045,-122.517091
48.4527,-122.486246
48.590409,-122.436664
48.744854,-122.5
48.761527,-122.521946
48.775127,-122.565836
48.772073,-122.587636
48.752773,-122.609027
48.764445,-122.649436
48.795545,-122.681109
48.942909,-122.809718
48.964027,-122.770346
48.962354,-122.734127
48.993882,-122.753618
48.999436,-122.7603
49,-122.7
49,-122.566673
49,-122.433609
49,-122.333891
49,-122.100564
48.999718,-121.084973
48.999436,-120.534727
48.999436,-120.034155
48.999436,-119.934155
48.999436,-119.867491
48.999436,-119.467773
48.999436,-119.267227
48.999436,-119.134173
48.999436,-118.9675
48.999436,-118.767773
48.999436,-118.368055
48.999436,-118.134173
48.999436,-118.000836
48.999436,-117.867491
49,-117.834446
49,-117.5675
49,-117.300555
49,-117.234736
48.999436,-117.200846
48.999718,-117.067227
49.003127,-117.036618
48.999718,-117.0014
48.999718,-116.048336
48.999436,-115.734446
48.999436,-115.601391
49,-115.567227
49,-115.468064
49,-115.368055
48.999436,-115.1675
48.999436,-115.034155
48.999436,-114.901109
49,-114.6339
49,-114.534727
48.999436,-114.4675
48.999436,-114.335009
49.0006,-114.059864
48.999436,-114.034436
48.999436,-113.5675
48.999436,-113.368327
48.999436,-113.234164
49,-113.034436
49,-112.934718
49,-112.601673
49,-112.535
49,-112.435
49,-112.335009
49,-112.234736
48.999436,-112.168327
48.999436,-112.034727
48.999436,-111.8011
48.999436,-111.368327
48.999436,-110.768627
49,-110.667773
49,-110.501109
49,-110.367764
49,-110.301664
48.999436,-110.201109
48.999436,-110.101391
49.0006,-109.999655
48.999718,-109.967773
48.999436,-109.801936
48.999436,-109.634746
48.999436,-109.334727
48.999436,-108.834727
48.999436,-108.667773
48.999436,-108.534727
48.999436,-108.335009
48.999436,-108.168873
48.999436,-107.8011
48.999436,-107.735546
48.999436,-107.634746
49,-107.435
49,-107.335282
48.999436,-106.735546
48.999436,-106.468064
48.999436,-106.268627
48.999436,-106.135273
48.999436,-106.034727
48.999436,-105.935546
48.999436,-105.702218
49,-105.268336
48.999436,-105.0014
48.999436,-104.835009
48.999436,-104.335009
48.999718,-104.135273
49.000254,-104.0331
48.999436,-103.735282
48.999436,-103.535282
49.000273,-103.435546
49,-103.268891
48.999436,-103.168327
48.999436,-103.035282
48.999436,-102.768336
49.000273,-102.535555
48.999436,-102.335564
49,-102.168873
48.999436,-101.468891
48.998791,-101.367236
49.000273,-101.302227
49,-101.069164
48.999718,-100.501955
49,-100.002227
49,-99.835555
48.999436,-99.335555
49,-98.868609
48.999436,-98.502227
49.000273,-98.269164
49.000273,-97.969164
49,-97.801936
48.999436,-97.635836
48.999436,-97.502791
48.999718,-97.219936
48.999973,-95.266555
48.999436,-95.154173
49.173336,-95.153964
49.333327,-95.154446
49.366391,-95.154173
49.376654,-95.152791
49.371654,-95.1425
49.365,-95.120836
49.359591,-95.081864
49.3575,-95.025836
49.3575,-94.998609
49.360973,-94.962091
49.358536,-94.931964
49.305545,-94.817782
49.186664,-94.805691
49.157491,-94.798336
49.075554,-94.766955
49.0286,-94.745273
48.996936,-94.73
48.974709,-94.718609
48.933182,-94.705836
48.902491,-94.700982
48.858,-94.707036
48.7968,-94.708055
48.778736,-94.694991
48.7411,-94.640418
48.724436,-94.605836
48.701936,-94.5239
48.696936,-94.500836
48.694991,-94.461046
48.701936,-94.433318
48.710827,-94.400355
48.707218,-94.298473
48.695891,-94.267364
48.661,-94.247891
48.642773,-94.134173
48.641109,-94.111936
48.638045,-94.063891
48.630273,-93.882918
48.628609,-93.858746
48.616382,-93.833955
48.586245,-93.818891
48.531864,-93.804791
48.517082,-93.785836
48.513882,-93.724164
48.515136,-93.6607
48.538609,-93.496255
48.551727,-93.464236
48.584327,-93.454064
48.608609,-93.408336
48.629154,-93.3157
48.640545,-93.245
48.622627,-92.951318
48.541382,-92.715291
48.485264,-92.697773
48.441373,-92.582227
48.394154,-92.455273
48.311664,-92.426391
48.231727,-92.359855
48.234164,-92.331682
48.248864,-92.291409
48.269991,-92.286109
48.299364,-92.299791
48.334991,-92.276809
48.346936,-92.257236
48.356654,-92.162218
48.357218,-92.141682
48.345336,-92.039373
48.304436,-92.014164
48.280964,-92.008064
48.261245,-91.9918
48.240536,-91.963718
48.230545,-91.940282
48.203882,-91.850555
48.194709,-91.783891
48.191373,-91.740136
48.144718,-91.6875
48.098345,-91.645146
48.093045,-91.573627
48.057773,-91.462782
48.041109,-91.418336
48.058882,-91.3868
48.068054,-91.347227
48.069436,-91.318609
48.072627,-91.276391
48.0836,-91.240555
48.115,-91.192491
48.144154,-91.149173
48.154991,-91.1261
48.214718,-90.969164
48.2286,-90.928327
48.236654,-90.898055
48.2375,-90.868609
48.227073,-90.835209
48.204464,-90.8358
48.103745,-90.7739
48.092773,-90.749864
48.113054,-90.28
48.121445,-90.146518
48.106454,-90.065555
48.069718,-90.032773
48.025273,-89.994236
47.990618,-89.899791
48.000827,-89.8625
48.011664,-89.8389
48.029573,-89.755564
48.011864,-89.606382
48.002254,-89.572918
48.003164,-89.493127
48.003327,-89.447773
47.979718,-89.356655
47.993045,-89.323336
48.139164,-88.974164
48.255554,-88.691664
48.264164,-88.645555
48.312209,-88.368055
48.244154,-88.188327
47.955827,-87.444718
47.915545,-87.341673
47.860273,-87.2014
47.734718,-86.884446
47.608327,-86.568891
47.567218,-86.466664
47.398882,-86.051391
47.383882,-86.014727
47.312209,-85.839718
47.270827,-85.738891
47.157209,-85.464173
47.111664,-85.354446
46.9286,-84.9175
46.905818,-84.864582
46.829164,-84.832782
46.806936,-84.825564
46.748327,-84.806946
46.689709,-84.787782
46.653045,-84.775009
46.466382,-84.565
46.460273,-84.521255
46.4602,-84.483955
46.483745,-84.458064
46.501664,-84.431382
46.508609,-84.408618
46.546664,-84.192764
46.529436,-84.125346
46.507073,-84.120064
46.465691,-84.144582
46.445264,-84.154446
46.425,-84.160282
46.394164,-84.157646
46.240273,-84.1025
46.220273,-84.089718
46.203045,-84.076673
46.070482,-83.954318
46.070564,-83.923755
46.094618,-83.890546
46.125545,-83.838336
46.1261,-83.663055
46.1211,-83.619164
46.114154,-83.596118
46.101936,-83.572082
46.040136,-83.479018
46.011936,-83.447773
45.961664,-83.487782
45.918054,-83.5239
45.827218,-83.597782
45.785,-83.500291
45.683327,-83.270846
45.612773,-83.112209
45.585264,-83.050827
45.541936,-82.954182
45.411936,-82.665009
45.3961,-82.629991
45.355827,-82.543064
44.882764,-82.430555
44.460818,-82.331682
43.952218,-82.214446
43.585264,-82.130282
43.553045,-82.146118
43.391382,-82.228882
43.346382,-82.252791
43.210545,-82.322236
43.049164,-82.404173
43.018636,-82.418782
42.901382,-82.463482
42.826382,-82.481527
42.796382,-82.474091
42.760827,-82.472918
42.719154,-82.484727
42.627636,-82.517364
42.599436,-82.535827
42.563745,-82.579036
42.555754,-82.618191
42.5453,-82.662655
42.508327,-82.704455
42.483327,-82.73
42.442909,-82.769173
42.418045,-82.801246
42.396945,-82.841382
42.3575,-82.940555
42.344709,-82.975827
42.339154,-83.002227
42.331936,-83.027218
42.319573,-83.055664
42.299354,-83.084546
42.265273,-83.112918
42.245827,-83.123318
42.220827,-83.132491
42.201382,-83.137218
42.046109,-83.168609
42.008327,-83.150282
41.970545,-83.130827
41.946191,-83.117418
41.867354,-83.076391
41.683873,-82.696655
41.681936,-82.649991
41.6761,-82.462782
41.675554,-82.425282
41.763882,-82.238891
41.774436,-82.218064
41.960273,-81.822236
42.052773,-81.623609
42.145,-81.424436
42.224991,-81.249164
42.279164,-80.869155
42.326618,-80.528546
42.329164,-80.510282
42.398191,-80.091536
42.520273,-79.776673
42.5247,-79.763427
42.600709,-79.566455
42.702491,-79.299436
42.757218,-79.154446
42.769154,-79.121109
42.819991,-78.986936
42.8336,-78.965836
42.865964,-78.934155
42.901936,-78.917782
42.936245,-78.920346
42.954018,-78.9452
42.959709,-78.975273
42.982209,-79.013755
43.009718,-79.042082
43.085545,-79.081118
43.140545,-79.054646
43.163045,-79.044864
43.259582,-79.053746
43.2794,-79.066791
43.382491,-79.132218
43.465545,-79.184718
43.497773,-79.095273
43.521936,-79.028064
43.553882,-78.938327
43.629436,-78.724718
43.6375,-78.663055
43.638327,-78.388064
43.639436,-77.887218
43.639436,-77.857773
43.639164,-77.73
43.6386,-77.582782
43.636654,-77.288327
43.634436,-76.974164
43.633327,-76.809446
43.7686,-76.697491
43.915827,-76.583618
43.934154,-76.569455
43.983045,-76.531391
44.102073,-76.437355
44.1211,-76.410282
44.150991,-76.363373
44.343182,-76.0611
44.351382,-76.040836
44.353327,-76.019455
44.357064,-75.989973
44.364154,-75.966109
44.384991,-75.904446
44.398045,-75.872082
44.418882,-75.845273
44.440545,-75.831255
44.472491,-75.822636
44.487073,-75.806664
44.546391,-75.736118
44.588045,-75.6825
44.631382,-75.623055
44.673882,-75.5625
44.691373,-75.537218
44.785827,-75.395846
44.841936,-75.309718
44.857218,-75.278064
44.898609,-75.170546
44.9836,-74.996118
45.016664,-74.850282
45.018464,-74.820546
45.008882,-74.777782
45.002218,-74.751109
45.006718,-74.682018
44.992218,-74.249164
45,-73.911646
45.006664,-73.622773
45.010582,-73.367964
45.009418,-73.353
45.011627,-73.341646
45.018327,-72.956391
45.020827,-72.778882
45.017209,-72.510282
45.017491,-72.459164
45.018773,-72.271655
45.019436,-72.049991
45.019154,-71.892773
45.019991,-71.554718
45.020545,-71.494155
45.049436,-71.498055
45.077973,-71.488746
45.102773,-71.459164
45.127773,-71.4343
45.2144,-71.401391
45.25,-71.424436
45.296936,-71.321109
45.303745,-71.295691
45.296382,-71.272509
45.276518,-71.236391
45.266109,-71.211673
45.255827,-71.179718
45.252773,-71.1432
45.307709,-71.085127
45.326664,-71.021118
45.241027,-70.876591
45.4636,-70.697082
45.477764,-70.712782
45.497218,-70.725
45.528327,-70.720273
45.571936,-70.693055
45.627773,-70.631946
45.660818,-70.576955
45.672764,-70.555264
45.711936,-70.466664
45.778045,-70.393891
45.909091,-70.258055
45.960409,-70.244927
45.973318,-70.269446
45.979991,-70.304855
46.078882,-70.305555
46.203045,-70.287782
46.279164,-70.242491
46.336382,-70.200291
46.393609,-70.119155
46.417564,-70.078409
46.431382,-70.057082
46.453882,-70.047773
46.474991,-70.044155
46.509991,-70.038609
46.587491,-70.026946
46.698045,-70.009173
46.715827,-69.992764
46.862209,-69.847227
46.996936,-69.712509
47.055264,-69.653882
47.283336,-69.423618
47.400273,-69.305264
47.467891,-69.236064
47.459164,-69.128327
47.431027,-69.045627
47.403118,-69.044582
47.380545,-69.052491
47.342073,-69.055827
47.302073,-69.055127
47.293782,-69.053591
47.281936,-69.051109
47.255554,-69.032227
47.218873,-68.961955
47.189018,-68.891536
47.208882,-68.831682
47.224709,-68.787509
47.232764,-68.761946
47.289718,-68.564709
47.349164,-68.370409
47.3618,-68.343055
47.365136,-68.314855
47.351936,-68.245
47.341664,-68.208618
47.332773,-68.185818
47.190473,-67.960973
47.168609,-67.950009
47.114436,-67.892227
47.100545,-67.866946
47.069991,-67.795
46.921382,-67.791673
46.787773,-67.788891
46.283336,-67.779173
45.9575,-67.772509
45.888327,-67.786664
45.784718,-67.806382
45.731373,-67.804446
45.695827,-67.794509
45.632073,-67.660555
45.611664,-67.5739
45.601382,-67.507509
45.608327,-67.477782
45.613609,-67.458055
45.585473,-67.413127
45.524991,-67.421246
45.495827,-67.481836
45.333054,-67.450564
45.283882,-67.464309
45.263054,-67.455273
45.215,-67.4225
45.196382,-67.405964
45.150273,-67.338682
45.154918,-67.305827
45.180127,-67.290073
45.199991,-67.264246
45.193882,-67.236118
45.183036,-67.206546
45.168327,-67.162773
45.098327,-67.105
44.984991,-67.034436
44.952136,-67.075055
44.931418,-67.126755
44.925718,-67.192046
44.899154,-67.178609
44.878436,-67.121891
44.869309,-67.091591
44.886936,-67.074891
44.900936,-67.057882
44.866382,-66.983055
44.827909,-66.970836
44.8036,-66.996946
44.660264,-67.189991
44.643054,-67.263755
44.628327,-67.415836
44.649836,-67.503482
44.666864,-67.546036
44.6343,-67.564991
44.596936,-67.561391
44.552491,-67.562909
44.5125,-67.711109
44.520127,-67.735836
44.546945,-67.775282
44.493882,-67.865009
44.426936,-67.936391
44.405818,-67.973618
44.393327,-68.009173
44.3518,-68.059473
44.404709,-68.094791
44.454991,-68.107918
44.466382,-68.270009
44.465882,-68.321155
44.447118,-68.364255
44.422218,-68.378873
44.399373,-68.4632
44.422491,-68.504182
44.418882,-68.559155
44.321173,-68.549164
44.306382,-68.615827
44.330273,-68.813191
44.458045,-68.793882
44.517491,-68.751109
44.555891,-68.731591
44.574609,-68.796864
44.522264,-68.810946
44.473045,-68.849727
44.462209,-68.902218
44.441718,-68.980836
44.256945,-69.022509
44.128882,-69.083609
44.099509,-69.081673
44.100964,-69.0502
44.066109,-69.065564
43.980273,-69.199155
43.938045,-69.248336
43.997218,-69.298046
44.046945,-69.37
43.925273,-69.458891
43.869436,-69.486936
43.850409,-69.500418
43.874573,-69.540718
43.897827,-69.553555
43.937327,-69.551046
43.975609,-69.556446
44.024264,-69.528609
43.958264,-69.588909
43.919645,-69.591418
43.884473,-69.587018
43.900836,-69.6512
44.003464,-69.642364
44.019436,-69.626664
44.038845,-69.617327
44.028882,-69.643055
44.008609,-69.664446
43.9671,-69.679055
43.905518,-69.717264
43.882436,-69.692718
43.8411,-69.7
43.792082,-69.7193
43.830164,-69.752018
43.963018,-69.781918
44.047564,-69.779382
44.0743,-69.7716
43.992354,-69.873464
43.968736,-69.868046
43.927682,-69.830409
43.902773,-69.818555
43.866273,-69.812718
43.788773,-69.800646
43.716173,-69.831391
43.759436,-69.851673
43.800827,-69.856946
43.864718,-69.922227
43.875336,-69.9916
43.827773,-70.091946
43.806382,-70.129991
43.780545,-70.1725
43.724991,-70.208346
43.674018,-70.231109
43.652218,-70.252791
43.658045,-70.216246
43.642909,-70.196591
43.575545,-70.191873
43.556664,-70.2907
43.461109,-70.345836
43.442764,-70.353882
43.403045,-70.393618
43.357773,-70.451518
43.356654,-70.482082
43.354227,-70.514027
43.323609,-70.549164
43.297627,-70.569591
43.257073,-70.583746
43.226518,-70.571673
43.177773,-70.601673
43.0845,-70.671182
43.100127,-70.693955
43.119918,-70.7234
43.078027,-70.737591
43.0577,-70.704509
43.023045,-70.719446
42.975818,-70.759173
42.938873,-70.790273
42.893609,-70.810818
42.877582,-70.812909
42.743327,-70.807636
42.7159,-70.805973
42.654573,-70.746736
42.641691,-70.662418
42.663882,-70.664591
42.680545,-70.643064
42.690818,-70.617773
42.652836,-70.581809
42.595409,-70.628882
42.560818,-70.779173
42.540764,-70.868255
42.507773,-70.888064
42.367218,-71.044864
42.304854,-71.039509
42.240682,-70.957364
42.257218,-70.867846
42.274436,-70.848891
42.245409,-70.7571
42.213882,-70.717646
42.057282,-70.651736
41.997218,-70.682218
41.963882,-70.645073
41.948045,-70.594655
41.951664,-70.573618
41.934436,-70.534027
41.865409,-70.521391
41.839718,-70.527364
41.805964,-70.526836
41.755482,-70.451946
41.713882,-70.332918
41.708882,-70.293609
41.7436,-70.204727
41.753327,-70.172227
41.759582,-70.146391
41.761936,-70.111936
41.7686,-70.085282
41.792564,-70.019309
41.830409,-69.990973
41.912627,-69.988609
42.039436,-70.106946
42.058945,-70.134436
42.055827,-70.172627
42.029036,-70.187236
42.073945,-70.244018
42.090545,-70.226109
42.087491,-70.144164
42.077636,-70.112209
42.058882,-70.074173
42.022636,-70.033336
41.996936,-70.007509
41.980818,-69.993055
41.954164,-69.977218
41.920409,-69.959591
41.856654,-69.934718
41.832218,-69.927218
41.719982,-69.928327
41.6725,-69.935409
41.668436,-69.987827
41.669445,-70.017773
41.669991,-70.047227
41.668327,-70.089173
41.655545,-70.185409
41.644154,-70.232227
41.634718,-70.358046
41.633536,-70.418464
41.604164,-70.439436
41.560054,-70.485618
41.539436,-70.648609
41.602491,-70.658891
41.641664,-70.651109
41.701382,-70.634173
41.727764,-70.726109
41.629991,-70.813891
41.553882,-70.926391
41.510554,-71.065555
41.510827,-71.128055
41.4943,-71.142373
41.468318,-71.188327
41.498327,-71.202227
41.549018,-71.207782
41.640545,-71.206255
41.6675,-71.198609
41.671254,-71.195982
41.719709,-71.156536
41.748882,-71.135564
41.789509,-71.114855
41.725264,-71.216109
41.709236,-71.236546
41.677491,-71.234718
41.653045,-71.271391
41.664645,-71.307836
41.806691,-71.389446
41.605,-71.413891
41.483882,-71.421809
41.461109,-71.428046
41.393054,-71.474718
41.369991,-71.511673
41.3768,-71.535282
41.376936,-71.563609
41.373318,-71.589718
41.353882,-71.671664
41.337773,-71.733064
41.325827,-71.782227
41.321664,-71.808336
41.318827,-71.845791
41.341027,-71.878609
41.347491,-71.959446
41.3261,-72.183318
41.305964,-72.235418
41.287082,-72.254864
41.2711,-72.388346
41.263609,-72.531391
41.274164,-72.568073
41.279164,-72.606946
41.277491,-72.636127
41.258327,-72.818346
41.254364,-72.890355
41.286109,-72.906391
41.273318,-72.936391
41.214154,-73.041382
41.177773,-73.103609
41.157773,-73.150555
41.170827,-73.177782
41.135827,-73.276673
41.118327,-73.322782
41.094709,-73.379164
41.068327,-73.433609
41.0511,-73.471936
41.015827,-73.559436
41.007518,-73.645509
40.983882,-73.646046
40.953945,-73.677218
40.9543,-73.708482
40.925273,-73.748609
40.879991,-73.781682
40.8261,-73.822782
40.798045,-73.934155
40.870545,-73.923327
40.916518,-73.903064
40.9436,-73.891682
40.973873,-73.883618
41.026664,-73.872909
41.064436,-73.866673
41.089154,-73.866109
41.158882,-73.873327
41.178745,-73.877909
41.304436,-73.951282
41.268391,-73.986109
41.204227,-73.960073
41.187627,-73.9361
41.170127,-73.918064
41.145827,-73.913055
40.989564,-73.904346
40.980818,-73.903609
40.959436,-73.904173
40.904436,-73.928327
40.717345,-74.020982
40.669154,-74.0864
40.663391,-74.119782
40.692982,-74.107282
40.713391,-74.108609
40.700827,-74.1339
40.641036,-74.1993
40.552218,-74.2525
40.522218,-74.259173
40.466382,-74.262982
40.452491,-74.244155
40.437627,-74.2
40.438045,-74.083891
40.458845,-73.995655
40.398182,-73.956391
40.3,-73.952227
40.029436,-74.021118
39.774854,-74.088264
39.877073,-74.082927
39.939991,-74.066664
39.965827,-74.051946
39.999718,-74.044446
40.052982,-74.045546
40.047845,-74.0716
39.950827,-74.100827
39.780545,-74.171109
39.746527,-74.178464
39.724991,-74.156318
39.703745,-74.151318
39.670545,-74.181673
39.643609,-74.211118
39.561382,-74.319455
39.516109,-74.405564
39.474664,-74.376573
39.441282,-74.393264
39.458936,-74.422473
39.443527,-74.441082
39.421064,-74.462591
39.400018,-74.447318
39.391109,-74.428746
39.353991,-74.420409
39.315964,-74.522427
39.336654,-74.515564
39.334991,-74.554173
39.2902,-74.650109
39.279573,-74.611527
39.257545,-74.599973
39.193045,-74.6514
39.089991,-74.711118
39.038045,-74.759173
38.971936,-74.820827
38.950827,-74.8468
38.938327,-74.876391
38.927354,-74.908336
38.922982,-74.945273
38.933318,-74.964446
38.985409,-74.957364
39.0093,-74.948473
39.036382,-74.931109
39.071664,-74.907773
39.104018,-74.892364
39.1409,-74.882636
39.169018,-74.894936
39.189709,-74.923891
39.213882,-75.040836
39.2075,-75.0864
39.232764,-75.164446
39.313882,-75.311109
39.353609,-75.378327
39.378045,-75.4157
39.465336,-75.526946
39.500545,-75.542773
39.620409,-75.557218
39.7568,-75.452782
39.782773,-75.424309
39.799718,-75.400555
39.818054,-75.368327
39.829436,-75.344727
39.842764,-75.289173
39.863327,-75.196109
39.873945,-75.137564
39.900545,-75.101109
39.964436,-75.065555
40.012309,-75.028518
40.010273,-75.038891
40.000545,-75.06
39.973318,-75.111664
39.956664,-75.126382
39.935409,-75.138482
39.895545,-75.177218
39.872764,-75.221664
39.863882,-75.309436
39.849509,-75.361109
39.821945,-75.409718
39.811954,-75.421446
39.788327,-75.459446
39.648882,-75.588609
39.614018,-75.604436
39.452909,-75.572155
39.416664,-75.527218
39.310691,-75.432636
39.246245,-75.395418
39.200754,-75.392436
39.157491,-75.405482
39.077773,-75.389027
38.918882,-75.302218
38.816664,-75.188327
38.694991,-75.14
38.597773,-75.200836
38.578609,-75.170273
38.589436,-75.140418
38.586936,-75.063891
38.479709,-75.038464
38.4575,-75.039718
38.450854,-75.043682
38.449718,-75.040782
38.417209,-75.044582
38.362773,-75.056664
38.340964,-75.0733
38.408054,-75.061246
38.446654,-75.060482
38.453418,-75.065309
38.4576,-75.079418
38.453164,-75.082855
38.445827,-75.079455
38.328809,-75.095
38.241518,-75.154446
38.224364,-75.183536
38.109164,-75.329455
38.082636,-75.355827
38.034164,-75.368609
38.024382,-75.370036
37.9886,-75.399736
37.919445,-75.412218
37.814718,-75.490964
37.798336,-75.503346
37.681109,-75.570009
37.577354,-75.608955
37.559018,-75.596527
37.497318,-75.660136
37.523882,-75.687636
37.552418,-75.7011
37.547773,-75.720555
37.452773,-75.803882
37.372491,-75.841673
37.347491,-75.8425
37.2761,-75.851109
37.216936,-75.868055
37.152209,-75.960827
37.223873,-76.002791
37.270891,-76.016464
37.314718,-76.0082
37.497773,-75.956391
37.5761,-75.930555
37.608327,-75.916946
37.656654,-75.874718
37.724991,-75.781391
37.799164,-75.697218
37.840545,-75.662509
37.944709,-75.646118
37.961173,-75.644046
37.9736,-75.670273
37.979154,-75.693182
37.979436,-75.755
37.974709,-75.774446
37.963327,-75.800282
37.948182,-75.8207
37.928954,-75.851809
37.947564,-75.878536
37.985964,-75.882218
38.089154,-75.853055
38.145273,-75.912218
38.250273,-75.896118
38.398773,-75.846355
38.243882,-76.021946
38.226654,-76.037509
38.286382,-76.087782
38.349436,-76.161118
38.384645,-76.220791
38.343318,-76.222227
38.366936,-76.242491
38.4886,-76.321946
38.500545,-76.2975
38.510273,-76.246946
38.523045,-76.208346
38.534436,-76.185
38.568191,-76.166455
38.579436,-76.187218
38.573609,-76.214173
38.556309,-76.224655
38.551591,-76.264936
38.570273,-76.285
38.619709,-76.265291
38.611664,-76.177782
38.599936,-76.131627
38.586236,-76.103746
38.574854,-76.051936
38.573745,-76.028473
38.580136,-76.002636
38.593673,-75.975491
38.613327,-75.962782
38.651591,-75.960973
38.634154,-75.9793
38.607009,-76.002164
38.603327,-76.032773
38.613673,-76.067918
38.683873,-76.1911
38.739718,-76.204727
38.682009,-76.3209
38.688254,-76.342155
38.760554,-76.331955
38.818745,-76.300073
38.841036,-76.255173
38.813191,-76.215146
38.793609,-76.207509
38.7761,-76.1861
38.763191,-76.155964
38.772491,-76.132218
38.799091,-76.104436
38.886109,-76.141955
38.964091,-76.224655
38.922491,-76.296391
38.888045,-76.316955
38.851664,-76.356382
38.855409,-76.359864
38.895273,-76.357773
38.940691,-76.3475
38.967073,-76.338891
39.025754,-76.296836
38.996664,-76.266255
38.983882,-76.242082
38.981373,-76.22
38.984573,-76.191936
39.002636,-76.156109
39.141654,-76.072464
39.1125,-76.141391
39.060818,-76.220836
39.153673,-76.260146
39.316518,-76.168336
39.359936,-76.095836
39.389991,-75.977782
39.535827,-75.851391
39.571936,-75.835346
39.604164,-75.940827
39.548954,-76.084791
39.483464,-76.112009
39.458009,-76.063327
39.4311,-76.090291
39.371936,-76.187909
39.365554,-76.212773
39.387009,-76.229027
39.418882,-76.225282
39.444709,-76.256955
39.399991,-76.359727
39.375264,-76.351946
39.316936,-76.427782
39.302073,-76.48
39.258609,-76.451673
39.239154,-76.427364
39.2311,-76.407646
