Mexico,
Lat,Lon
24.429445,-111.560009
24.435691,-111.576118
24.459718,-111.602782
24.480827,-111.616673
24.521591,-111.641682
24.549164,-111.653636
24.563891,-111.686955
24.5625,-111.793618
24.6425,-111.826946
24.668609,-111.843064
24.695691,-111.863682
24.756664,-111.923891
24.791945,-111.969318
24.753536,-111.978127
24.756109,-112.087509
24.866664,-112.115836
24.938609,-112.095291
25.023954,-112.107227
24.973327,-112.134455
24.931109,-112.142791
24.899582,-112.150982
24.895864,-112.175
24.957218,-112.169727
25.172918,-112.1264
25.213473,-112.105564
25.231909,-112.078718
25.278745,-112.067373
25.368609,-112.060836
25.601036,-112.083336
25.559164,-112.086955
25.520764,-112.102782
25.552273,-112.111955
25.668327,-112.108336
25.691391,-112.102509
25.728054,-112.100146
25.765973,-112.109864
25.958327,-112.193073
25.980827,-112.205564
26.006109,-112.222782
26.041245,-112.248055
26.080554,-112.325291
26.163054,-112.346118
26.218327,-112.358609
26.237218,-112.367782
26.255,-112.378346
26.276109,-112.400691
26.289509,-112.426318
26.284654,-112.450627
26.264927,-112.470782
26.330554,-112.6732
26.417773,-112.7825
26.481391,-112.853618
26.521945,-112.892718
26.547218,-112.947646
26.551109,-112.977573
26.631109,-113.08
26.654718,-113.104446
26.672218,-113.116673
26.693336,-113.186955
26.703336,-113.215009
26.729354,-113.222646
26.774918,-113.213682
26.800827,-113.200846
26.819445,-113.183064
26.874164,-113.132509
26.902427,-113.124091
26.96,-113.130982
26.971109,-113.167573
26.939582,-113.186118
26.9025,-113.183064
26.880827,-113.183627
26.826382,-113.206391
26.781354,-113.275255
26.831736,-113.402927
26.844164,-113.431391
26.843191,-113.451809
26.830973,-113.476118
26.754091,-113.536391
26.739582,-113.598827
26.825136,-113.724309
26.857082,-113.741391
26.893609,-113.755355
26.914164,-113.772509
26.957918,-113.815418
26.978609,-113.842227
26.995136,-113.8839
27.000136,-113.904873
26.998473,-113.954446
26.981945,-113.976191
26.981664,-113.998755
27.026109,-114.049027
27.055,-114.062091
27.083191,-114.076118
27.099864,-114.091946
27.123054,-114.127791
27.145,-114.165146
27.155827,-114.191964
27.163609,-114.2225
27.165,-114.247091
27.148091,-114.281627
27.1625,-114.330291
27.238054,-114.475491
27.271664,-114.478346
27.322218,-114.479736
27.3618,-114.486046
27.415136,-114.515909
27.487918,-114.609864
27.510273,-114.668618
27.594718,-114.7764
27.694718,-114.889182
27.688054,-114.928073
27.721109,-114.988891
27.768609,-115.023064
27.817773,-115.0439
27.846664,-115.020573
27.836109,-114.925
27.821391,-114.833891
27.812773,-114.790009
27.783191,-114.681946
27.767218,-114.613618
27.769027,-114.508346
27.775,-114.484455
27.787773,-114.460282
27.805,-114.4339
27.786245,-114.334309
27.760273,-114.3175
27.737154,-114.2873
27.695,-114.175418
27.6868,-114.005982
27.700836,-113.985009
27.723327,-113.973064
27.739718,-113.984736
27.768745,-114.030273
27.752636,-114.074309
27.730409,-114.115009
27.716109,-114.158055
27.759854,-114.217227
27.806164,-114.220409
27.839373,-114.249727
27.865927,-114.307636
27.934718,-114.2914
27.951391,-114.278618
28.000273,-114.207673
28.016873,-114.184518
28.043782,-114.152018
28.019582,-114.150973
28.000554,-114.161582
28.000554,-114.159346
28.012236,-114.153636
28.023654,-114.128555
28.059718,-114.135009
28.107218,-114.119455
28.144164,-114.113346
28.181109,-114.112646
28.217782,-114.128346
28.310554,-114.145846
28.375273,-114.11
28.398891,-114.0975
28.429164,-114.084455
28.473327,-114.067364
28.517573,-114.061318
28.553054,-114.080564
28.671873,-114.167718
28.685136,-114.214036
28.713609,-114.261673
28.749164,-114.315
28.823609,-114.361391
28.889164,-114.4123
28.885,-114.426964
28.913327,-114.440846
28.939164,-114.504246
28.975273,-114.557509
29.13,-114.7014
29.373891,-114.945982
29.391109,-114.977773
29.419164,-115.097782
29.437636,-115.189873
29.459445,-115.204182
29.475273,-115.216946
29.489164,-115.232509
29.518054,-115.2782
29.543745,-115.339582
29.625273,-115.505836
29.774236,-115.696673
29.938891,-115.735573
30.1075,-115.783073
30.225827,-115.793327
30.248609,-115.7975
30.276391,-115.804736
30.297773,-115.811682
30.324718,-115.823064
30.350136,-115.836536
30.369718,-115.849036
30.456945,-115.9314
30.494445,-115.979718
30.435136,-116.011318
30.410554,-115.999182
30.3851,-116.0042
30.450554,-116.039027
30.473745,-116.042227
30.5325,-116.033891
30.570554,-116.030291
30.596945,-116.030009
30.724445,-116.038064
30.796527,-116.055491
30.960418,-116.262227
31.121391,-116.303073
31.150273,-116.308627
31.171664,-116.315291
31.207082,-116.333055
31.234445,-116.352227
31.390273,-116.479736
31.471109,-116.5941
31.560764,-116.675627
31.604445,-116.649173
31.775554,-116.605009
31.819654,-116.598546
31.844509,-116.608127
31.860273,-116.627791
31.868891,-116.663409
31.908336,-116.729736
31.990827,-116.8432
32.021382,-116.864173
32.042082,-116.870982
32.086518,-116.874173
32.109445,-116.8739
32.134436,-116.876955
32.193745,-116.894727
32.221245,-116.906255
32.244509,-116.926609
32.255136,-116.954173
32.268327,-116.991118
32.279445,-117.010273
32.3,-117.026673
32.361664,-117.065846
32.4643,-117.124164
32.491391,-117.126955
32.535327,-117.122373
32.536664,-117.095291
32.552218,-116.914173
32.5686,-116.713055
32.585,-116.508146
32.605773,-116.242636
32.631945,-115.907782
32.654718,-115.605564
32.669718,-115.404164
32.684436,-115.2025
32.696991,-115.025891
32.707854,-114.871346
32.717709,-114.7298
32.718454,-114.719091
32.711109,-114.721391
32.685273,-114.731391
32.557782,-114.791673
32.506991,-114.809827
32.5005,-114.795227
32.437091,-114.585536
32.364945,-114.3439
32.279727,-114.061318
32.2183,-113.858282
32.167573,-113.692009
32.061082,-113.344509
31.971073,-113.052891
31.913409,-112.867282
31.798373,-112.5
31.735545,-112.299436
31.623609,-111.946382
31.454164,-111.417509
31.333054,-111.045836
31.332773,-110.311955
31.332773,-110.245564
31.332773,-109.879182
31.333327,-109.512218
31.332873,-109.058927
31.3326,-109.047364
31.3326,-108.832764
31.332627,-108.831936
31.333173,-108.816655
31.332773,-108.778636
31.333054,-108.208346
31.366391,-108.207782
31.433327,-108.208618
31.532773,-108.207782
31.599445,-108.208618
31.699445,-108.207782
31.783336,-108.208618
31.783882,-108.175
31.783054,-107.908336
31.783882,-107.708073
31.783336,-107.608064
31.783882,-107.575009
31.783336,-107.507782
31.783882,-107.441391
31.783336,-107.375
31.783882,-107.341136
31.783336,-107.274727
31.783882,-107.241955
31.783336,-107.174727
31.783882,-107.141682
31.783336,-107.075291
31.783609,-106.608336
31.782054,-106.539564
31.780754,-106.522882
31.757082,-106.4964
31.750273,-106.460009
31.751664,-106.439182
31.754027,-106.416536
31.7475,-106.395846
31.687354,-106.334309
31.6375,-106.303346
31.5975,-106.289173
31.5593,-106.272227
31.472218,-106.209873
31.431945,-106.143618
31.4025,-106.062927
31.395273,-106.011673
31.369718,-105.972782
31.2825,-105.858064
31.269164,-105.841946
31.254445,-105.827518
31.208191,-105.786955
31.178264,-105.771664
31.144164,-105.710009
31.081527,-105.600009
31.057918,-105.5807
30.996391,-105.5414
30.946391,-105.490709
30.865836,-105.393064
30.797218,-105.253064
30.804718,-105.222573
30.778609,-105.169446
30.749718,-105.125
30.694164,-105.061955
30.632218,-104.990846
30.607636,-104.934727
30.566245,-104.896527
30.525,-104.879727
30.466391,-104.865009
30.386109,-104.822236
30.318054,-104.776946
30.233327,-104.705564
30.1875,-104.682236
30.167773,-104.675
30.105418,-104.679309
30.058882,-104.701327
30.005,-104.695009
29.940973,-104.678064
29.672918,-104.541818
29.595836,-104.453336
29.569445,-104.419173
29.525,-104.338055
29.5309,-104.316746
29.525973,-104.285136
29.508327,-104.252791
29.494445,-104.228346
29.460973,-104.202436
29.422773,-104.169727
29.355273,-104.080836
29.3425,-104.063609
29.330827,-104.045291
29.321109,-104.023618
29.305827,-103.975009
29.285827,-103.889173
29.199164,-103.735836
29.126109,-103.5314
29.088891,-103.485
29.073054,-103.461946
29.036391,-103.401118
29.023609,-103.375
28.997364,-103.296255
28.996518,-103.290873
28.984027,-103.163691
29.094164,-103.051955
29.183054,-102.955
29.254164,-102.895846
29.352218,-102.851118
29.474082,-102.804764
29.742773,-102.670291
29.767773,-102.560836
29.781664,-102.496255
29.850554,-102.355564
29.887982,-102.301809
29.867918,-102.261255
29.847218,-102.227782
29.810554,-102.121946
29.802773,-102.0975
29.798191,-102.072782
29.798473,-102.0482
29.805827,-101.990846
29.806109,-101.892227
29.804718,-101.825836
29.796664,-101.774736
29.788891,-101.745009
29.778054,-101.706682
29.766391,-101.628764
29.771109,-101.539173
29.772218,-101.456682
29.772782,-101.405009
29.692473,-101.369355
29.660554,-101.355836
29.615273,-101.310836
29.540273,-101.218609
29.490691,-101.139036
29.482082,-101.106673
29.4615,-101.043
29.437773,-101.025282
29.35,-100.936955
29.258745,-100.795709
29.109027,-100.665836
28.995827,-100.628209
28.958609,-100.634455
28.933327,-100.621946
28.894718,-100.590564
28.863609,-100.564455
28.822773,-100.527364
28.725709,-100.491818
28.704164,-100.492373
28.675836,-100.479864
28.626391,-100.443891
28.571109,-100.399446
28.518327,-100.359173
28.494718,-100.350846
28.425418,-100.329591
28.400409,-100.331264
28.280554,-100.281464
28.242773,-100.240282
28.1975,-100.1864
28.165691,-100.108473
28.155618,-100.078336
28.116391,-100.050846
27.984718,-99.962236
27.961664,-99.935009
27.903891,-99.880836
27.855554,-99.871946
27.805136,-99.860909
27.7743,-99.832927
27.771745,-99.8067
27.766664,-99.7982
27.737636,-99.7823
27.727145,-99.7589
27.714718,-99.7414
27.689164,-99.727436
27.668936,-99.7139
27.656945,-99.6964
27.641391,-99.653627
27.641245,-99.606182
27.600064,-99.530836
27.568054,-99.5039
27.476664,-99.4732
27.258054,-99.443346
27.046945,-99.458618
26.869854,-99.319246
26.859927,-99.271127
26.830827,-99.253346
26.803609,-99.239727
26.714445,-99.200564
26.526945,-99.132509
26.435,-99.104736
26.405827,-98.975573
26.391391,-98.925291
26.348891,-98.784182
26.314445,-98.730009
26.289718,-98.695564
26.256664,-98.604736
26.256109,-98.578336
26.223327,-98.439873
26.191664,-98.388064
26.153609,-98.361391
26.109164,-98.305282
26.097773,-98.286118
26.0625,-98.200009
26.038891,-98.060146
26.047773,-98.033336
26.058609,-97.979736
26.063609,-97.847509
26.058054,-97.803346
26.038054,-97.6789
26.029445,-97.648055
26.005,-97.614455
25.951109,-97.559446
25.898327,-97.514446
25.843327,-97.417227
25.839854,-97.364727
25.859654,-97.344736
25.893054,-97.346682
25.92,-97.315291
25.941109,-97.265291
25.967218,-97.160846
25.966427,-97.140736
25.959327,-97.138618
25.933191,-97.137509
25.772218,-97.160282
25.674718,-97.188609
25.510827,-97.254455
25.474164,-97.271118
25.437636,-97.288064
25.3975,-97.312091
25.365,-97.336118
25.289445,-97.388064
25.201664,-97.442782
25.170554,-97.458073
25.133891,-97.474727
25.044236,-97.513064
24.784718,-97.584164
24.685554,-97.609727
24.520273,-97.651673
24.395827,-97.676118
24.370282,-97.680282
24.3225,-97.688064
24.255836,-97.697236
24.075,-97.715564
23.955273,-97.7225
23.899164,-97.724727
23.820827,-97.724455
23.588891,-97.740009
23.472773,-97.754182
23.4075,-97.760836
23.381664,-97.763064
23.338054,-97.765018
23.300827,-97.7664
23.270827,-97.765564
23.194718,-97.761946
23.125827,-97.756391
23.088336,-97.749455
23.059582,-97.742646
23.0275,-97.740846
23.003609,-97.740282
22.905827,-97.741391
22.858054,-97.752018
22.815809,-97.787436
22.773609,-97.805846
22.738054,-97.835009
22.655554,-97.877227
22.632218,-97.884736
22.598818,-97.888264
22.582564,-97.870282
22.325827,-97.803473
22.3018,-97.794446
22.268054,-97.776873
22.198473,-97.781682
22.157773,-97.779173
22.116945,-97.768618
22.054718,-97.740009
21.974718,-97.697918
21.883609,-97.6414
21.863054,-97.6275
21.843054,-97.6125
21.793891,-97.572509
21.775,-97.556118
21.755,-97.535846
21.739164,-97.519182
21.643609,-97.403627
21.597773,-97.338618
21.582773,-97.325291
21.556527,-97.315009
21.530282,-97.313609
21.503609,-97.318073
21.467782,-97.328609
21.429718,-97.3439
21.271736,-97.413473
21.391391,-97.462782
21.4425,-97.470218
21.467782,-97.4189
21.470691,-97.388618
21.4993,-97.368273
21.543536,-97.372918
21.567218,-97.398055
21.586664,-97.431118
21.613054,-97.462782
21.638609,-97.488064
21.675282,-97.522782
21.792354,-97.6223
21.915864,-97.682491
21.955482,-97.696746
22.0125,-97.742236
21.989718,-97.731673
21.959445,-97.722782
21.928891,-97.714173
21.8925,-97.705836
21.87,-97.703336
21.773609,-97.688609
21.673954,-97.6707
21.629718,-97.651673
21.565827,-97.620564
21.493609,-97.572791
21.478336,-97.555555
21.426391,-97.501109
21.319445,-97.454727
21.14,-97.376682
21.094164,-97.355836
21.0575,-97.338346
20.9625,-97.292782
20.893891,-97.249173
20.8375,-97.2132
20.812773,-97.200564
20.794445,-97.192509
20.750418,-97.181882
20.732082,-97.192155
20.683954,-97.175355
20.641109,-97.143891
20.568882,-97.085555
20.540273,-97.058336
20.262773,-96.787227
20.225554,-96.744446
20.155273,-96.674864
20.025273,-96.578336
19.899164,-96.480836
19.8775,-96.460009
19.855,-96.444455
19.762218,-96.4075
19.724864,-96.396255
19.693191,-96.394173
19.631664,-96.387791
19.549445,-96.367509
19.341109,-96.295291
19.314718,-96.276946
19.288609,-96.245009
19.276391,-96.228055
19.265273,-96.209164
19.251945,-96.185009
19.229445,-96.139727
19.124718,-96.094591
19.096109,-96.079182
19.062773,-96.041118
19.057782,-96.013064
18.988609,-95.958618
18.926391,-95.9364
18.879718,-95.908336
18.845836,-95.899173
18.825273,-95.911391
18.745,-95.801118
18.711936,-95.533336
18.702909,-95.400427
18.706664,-95.346682
18.710554,-95.315009
18.711245,-95.215982
18.7018,-95.182227
18.605136,-95.045427
18.5651,-95.025873
18.535409,-94.935009
18.533054,-94.886673
18.5318,-94.854582
18.524445,-94.808064
18.507709,-94.782373
18.436182,-94.7548
18.391945,-94.734173
18.180909,-94.570091
18.160136,-94.536527
18.152773,-94.512218
18.146245,-94.469182
18.148891,-94.418064
18.173745,-94.267782
18.198609,-94.168064
18.208873,-94.1376
18.245282,-94.015291
18.252636,-93.874309
18.262564,-93.792991
18.355973,-93.576809
18.409164,-93.571809
18.408336,-93.592927
18.403327,-93.613064
18.3266,-93.778791
18.307782,-93.808064
18.306454,-93.845836
18.3225,-93.826127
18.348327,-93.780564
18.421391,-93.587091
18.440554,-93.450009
18.441664,-93.429736
18.438891,-93.181673
18.407364,-93.172236
18.370418,-93.171255
18.339582,-93.129864
18.379236,-93.089591
18.403609,-93.087782
18.439164,-92.955
18.4475,-92.9207
18.461109,-92.884736
18.496664,-92.822782
18.5075,-92.805282
18.56,-92.741391
18.517773,-92.680009
18.623609,-92.588618
18.656982,-92.480455
18.664445,-92.460009
18.681109,-92.405291
18.685136,-92.312918
18.695273,-92.153064
18.726245,-92.004173
18.7275,-91.978482
18.7175,-91.956255
18.615691,-91.858618
18.591245,-91.903882
18.5955,-91.941418
18.592636,-92.035846
18.56,-92.041955
18.533818,-91.993555
18.549164,-91.957646
18.5868,-91.965073
18.551245,-91.897646
18.492773,-91.825291
18.472918,-91.832791
18.445064,-91.8507
18.424436,-91.855627
18.382636,-91.813127
18.38,-91.803346
18.445554,-91.773618
18.449445,-91.679736
18.443882,-91.636946
18.435554,-91.495709
18.448264,-91.475009
18.489373,-91.488682
18.541109,-91.4375
18.592218,-91.311673
18.650073,-91.186191
18.740836,-91.263627
18.767773,-91.2896
18.783473,-91.316118
18.766182,-91.341291
18.771391,-91.372091
18.823509,-91.387264
18.8583,-91.359173
18.893891,-91.33
18.854236,-91.398155
18.851773,-91.428609
18.907354,-91.385073
18.920273,-91.362955
18.955827,-91.304736
18.975,-91.260009
19.029445,-91.134736
19.107218,-91.021664
19.1825,-90.913073
19.320273,-90.753891
19.361527,-90.731673
19.479164,-90.713482
19.640827,-90.7007
19.670409,-90.712227
19.768327,-90.676673
19.802636,-90.646955
19.838054,-90.600573
19.851945,-90.579182
19.8625,-90.5614
19.877427,-90.528264
19.902636,-90.502236
19.975973,-90.455273
20.016109,-90.465836
20.043054,-90.480564
20.081045,-90.499791
20.194445,-90.496946
20.308054,-90.488064
20.549445,-90.484727
20.732291,-90.455909
20.751391,-90.439455
20.789164,-90.405564
20.815209,-90.385555
20.845909,-90.373364
20.895827,-90.353055
20.941664,-90.3389
20.967909,-90.340146
20.951664,-90.351964
20.863227,-90.378964
20.840418,-90.385418
20.787673,-90.430946
20.838054,-90.418336
20.863227,-90.405718
20.925827,-90.385836
20.950836,-90.375564
21.005273,-90.351255
21.0275,-90.332646
21.063054,-90.279727
21.086664,-90.239455
21.160273,-90.1064
21.235,-89.919727
21.255,-89.868055
21.270273,-89.828064
21.276664,-89.805555
21.2825,-89.776118
21.296391,-89.704455
21.3175,-89.501109
21.332773,-89.338055
21.334164,-89.318073
21.342782,-89.241118
21.362354,-89.102509
21.413609,-88.843336
21.448054,-88.708473
21.462773,-88.686673
21.498609,-88.640973
21.521391,-88.620846
21.535973,-88.594655
21.568882,-88.4514
21.571391,-88.425564
21.568264,-88.351746
21.555345,-88.309246
21.553891,-88.267918
21.5866,-88.090218
21.596736,-88.143618
21.576764,-88.206036
21.568954,-88.241464
21.580827,-88.224727
21.597218,-88.183336
21.608054,-88.147791
21.61,-88.119446
21.602773,-87.994173
21.596382,-87.965009
21.5276,-87.714655
21.532773,-87.802509
21.542636,-87.851327
21.517218,-87.806946
21.5043,-87.748209
21.502773,-87.676391
21.505836,-87.652509
21.512218,-87.605282
21.495454,-87.539182
21.476391,-87.476391
21.448054,-87.329455
21.441391,-87.249173
21.452218,-87.201255
21.483891,-87.146046
21.5125,-87.133618
21.557218,-87.133827
21.5675,-87.161127
21.556591,-87.199391
21.5425,-87.221955
21.529854,-87.248336
21.509236,-87.4057
21.528609,-87.410773
21.560836,-87.370009
21.568327,-87.328755
21.562918,-87.304173
21.561382,-87.272227
21.567918,-87.239873
21.604445,-87.148473
21.606109,-87.078609
21.599536,-87.054836
21.598054,-87.049455
21.590273,-87.027791
21.579718,-87.005427
21.441945,-86.894173
21.443882,-86.871127
21.429236,-86.829727
21.408609,-86.815564
21.368473,-86.810009
21.343327,-86.811955
21.293745,-86.826191
21.180209,-86.811191
21.152636,-86.775282
20.987782,-86.8264
20.928336,-86.852782
20.801936,-86.913073
20.613054,-87.069455
20.5668,-87.137091
20.561945,-87.156809
20.524436,-87.204455
20.503891,-87.226391
20.44,-87.2764
20.399436,-87.306673
20.222773,-87.425564
20.200554,-87.437227
20.1643,-87.454173
20.085973,-87.472227
19.983191,-87.469173
19.952364,-87.459173
19.933118,-87.446736
19.900191,-87.444809
19.849027,-87.469055
19.880982,-87.463855
19.897982,-87.449718
19.926445,-87.449482
19.950727,-87.481809
19.913609,-87.472782
19.870554,-87.475855
19.827073,-87.510582
19.811036,-87.540455
19.799582,-87.580982
19.678891,-87.660564
19.677573,-87.7366
19.636945,-87.740009
19.599864,-87.733409
19.564445,-87.691391
19.547773,-87.6664
19.505554,-87.657718
19.524445,-87.632646
19.549718,-87.612509
19.584718,-87.526673
19.604373,-87.4241
19.581664,-87.412227
19.505836,-87.427655
19.471664,-87.443336
19.442218,-87.471264
19.402909,-87.527227
19.394445,-87.563064
19.403609,-87.543409
19.432154,-87.541118
19.396873,-87.628764
19.376664,-87.645573
19.351109,-87.662509
19.315,-87.676946
19.250136,-87.687782
19.227918,-87.672373
19.214791,-87.635082
19.258191,-87.592091
19.281245,-87.586818
19.300973,-87.575291
19.318891,-87.547373
19.325064,-87.500273
19.291382,-87.488618
19.139445,-87.548336
19.050345,-87.596046
18.961391,-87.6157
18.925827,-87.619446
18.875827,-87.623609
18.759854,-87.654318
18.742773,-87.665555
18.697773,-87.710555
18.6643,-87.7298
18.606109,-87.739455
18.52,-87.748336
18.444164,-87.755009
18.408609,-87.762364
18.3725,-87.790846
18.334864,-87.816682
18.310836,-87.828064
18.2675,-87.839864
18.190827,-87.8475
18.293327,-87.871673
18.330273,-87.876818
18.364164,-87.893064
18.420273,-87.925564
18.448054,-87.973618
18.471391,-88.0339
18.493609,-88.073336
18.525273,-88.079591
18.541664,-88.066955
18.6759,-88.002709
18.784445,-88.002509
18.868191,-88.039727
18.854164,-88.061118
18.815,-88.089173
18.737782,-88.161118
18.7,-88.217791
18.677218,-88.169446
18.513054,-88.267227
18.492218,-88.284173
18.482927,-88.2995
18.481391,-88.3439
18.482082,-88.3714
18.4899,-88.405446
18.483709,-88.473791
18.4475,-88.506391
18.430273,-88.516955
18.290736,-88.589073
18.235836,-88.600018
18.185554,-88.681118
18.11,-88.704455
18.054718,-88.728055
17.988836,-88.774082
17.903891,-88.8414
17.907254,-88.872036
17.965818,-88.983418
17.9874,-88.997
18.004509,-89.022573
17.994973,-89.072055
17.970936,-89.121618
17.951073,-89.143009
17.818882,-89.141955
17.819718,-89.430436
17.820827,-89.742236
17.820973,-90
17.821109,-90.238346
17.821109,-90.590836
17.820273,-90.777791
17.82,-90.921673
17.82,-90.979173
17.820654,-90.982418
17.817773,-90.983064
17.585,-90.983609
17.256109,-90.9839
17.2575,-91.436955
17.237218,-91.434
17.188054,-91.332227
17.134027,-91.268482
17.035554,-91.184446
16.924445,-91.063609
16.896109,-90.986682
16.889164,-90.9489
16.829854,-90.9191
16.817773,-90.866673
16.805418,-90.804736
16.756945,-90.748609
16.726464,-90.714282
16.675827,-90.678891
16.644164,-90.658064
16.595273,-90.644182
16.563609,-90.643482
16.520691,-90.645291
16.489164,-90.609173
16.476391,-90.590709
16.473327,-90.545291
16.468609,-90.505009
16.461109,-90.486118
16.416382,-90.4064
16.401109,-90.393336
16.376945,-90.384446
16.335,-90.406536
16.3075,-90.438609
16.256664,-90.458073
16.194436,-90.457327
16.172364,-90.430073
16.132773,-90.432091
16.088336,-90.441955
16.078845,-90.447618
16.074882,-90.453773
16.075554,-90.625836
16.075836,-90.804455
16.075745,-90.991546
16.075836,-91.540009
16.075554,-91.704182
16.075,-91.729173
15.961109,-91.7975
15.908891,-91.828609
15.4376,-92.107936
15.262218,-92.2114
15.077291,-92.070691
15.0258,-92.093927
14.934718,-92.149736
14.845273,-92.183827
14.810554,-92.182918
14.768609,-92.169173
14.729445,-92.158336
14.703336,-92.152646
14.683054,-92.153346
14.588336,-92.187227
14.558054,-92.216673
14.551991,-92.237946
14.550545,-92.246782
14.554973,-92.255709
14.5875,-92.289173
14.684164,-92.384446
14.828609,-92.527236
14.855836,-92.555555
14.88,-92.583891
14.894164,-92.601118
14.926109,-92.632509
14.9925,-92.696118
15.053336,-92.753064
15.142191,-92.810136
15.146245,-92.773964
15.092009,-92.746991
15.131109,-92.754182
15.1716,-92.770491
15.205727,-92.861182
15.212218,-92.889446
15.2625,-92.979736
15.353745,-93.087782
15.3775,-93.109173
15.4275,-93.150009
15.491245,-93.206809
15.540273,-93.283064
15.641664,-93.412227
15.695418,-93.474455
15.773054,-93.568346
15.830554,-93.649173
15.865273,-93.698627
15.922782,-93.788891
16,-93.876109
16.093891,-93.938609
16.109164,-94.0239
16.139582,-94.077927
16.145582,-94.085346
16.175282,-94.111955
16.205209,-94.214936
16.219327,-94.268355
16.263191,-94.346955
16.2875,-94.364382
16.295554,-94.400291
16.284027,-94.419727
16.240554,-94.438609
16.215136,-94.433064
16.200554,-94.416118
16.176391,-94.378064
16.15,-94.325282
16.1433,-94.272991
16.175482,-94.332646
16.173,-94.298291
16.159745,-94.233155
16.119373,-94.170536
16.106109,-94.129455
16.099818,-94.092346
16.090691,-94.0723
16.074445,-94.055555
16.047636,-94.052646
16.0415,-94.065046
16.045,-94.089173
16.103882,-94.235
16.162773,-94.374727
16.170273,-94.395573
16.181391,-94.441118
16.188327,-94.477509
16.194718,-94.6039
16.190691,-94.691255
16.207773,-94.723746
16.2275,-94.691955
16.236109,-94.655291
16.246109,-94.631955
16.258054,-94.615846
16.288609,-94.586118
16.315209,-94.578827
16.34,-94.602782
16.359645,-94.664318
16.3375,-94.680009
16.306109,-94.720836
16.260064,-94.791536
16.289091,-94.806736
16.308054,-94.784591
16.329582,-94.772091
16.393609,-94.805146
16.419718,-94.836255
16.427082,-94.859173
16.409718,-94.910564
16.322218,-95.030836
16.272118,-95.062673
16.259445,-95.039464
16.231109,-94.905291
16.215827,-94.857791
16.213891,-94.927091
16.183327,-95.100009
16.152773,-95.213336
16.133054,-95.251109
16.045973,-95.365491
16.008054,-95.371946
15.989927,-95.395491
15.978054,-95.420291
15.961945,-95.482791
15.956527,-95.521955
15.938609,-95.589446
15.932782,-95.61
15.901664,-95.7164
15.8925,-95.746673
15.815136,-95.951264
15.753609,-96.062791
15.693473,-96.177782
15.685554,-96.214446
15.677218,-96.2639
15.674445,-96.286391
15.676945,-96.372791
15.685627,-96.436955
15.643609,-96.476118
15.656391,-96.557782
15.727709,-96.839309
15.853054,-97.070282
15.877773,-97.103055
15.896809,-97.135282
15.913327,-97.196673
15.918336,-97.2314
15.945273,-97.520573
15.959027,-97.644864
15.950345,-97.672646
15.960282,-97.754727
15.972082,-97.792782
15.985,-97.812791
16.008054,-97.839446
16.0275,-97.860564
16.0825,-97.930009
16.186109,-98.090009
16.208882,-98.125564
16.222773,-98.215291
16.263745,-98.408336
16.275554,-98.4464
16.310691,-98.544027
16.319345,-98.554691
16.339445,-98.562646
16.360973,-98.578755
16.374718,-98.593609
16.388054,-98.616391
16.419027,-98.657373
16.476391,-98.704182
16.518745,-98.729236
16.540554,-98.753482
16.553054,-98.782227
16.596945,-99.036955
16.628891,-99.233064
16.672218,-99.440564
16.681664,-99.537227
16.684445,-99.558064
16.706945,-99.685982
16.729027,-99.738618
16.795036,-99.850418
16.818054,-99.841127
16.855,-99.857373
16.867918,-99.872927
16.900836,-99.979446
16.98,-100.228055
17.005554,-100.284446
17.020554,-100.321955
17.067218,-100.449718
17.088336,-100.511673
17.144445,-100.678618
17.181945,-100.7971
17.208609,-100.888636
17.2175,-100.91
17.265273,-101.011127
17.295554,-101.049446
17.319791,-101.066264
17.341664,-101.0864
17.358891,-101.104446
17.379164,-101.135836
17.459718,-101.2664
17.489718,-101.3414
17.540836,-101.445009
17.628327,-101.577791
17.678054,-101.638818
17.710418,-101.653327
17.736109,-101.672236
17.879718,-101.792091
17.900554,-101.818618
17.948327,-101.898355
17.961936,-101.9214
17.978473,-101.952791
17.988609,-102.0007
17.990418,-102.0382
17.982218,-102.067364
17.961664,-102.0957
17.935554,-102.119455
17.919445,-102.145009
17.918327,-102.170291
17.920827,-102.181
17.944582,-102.229591
17.963336,-102.290555
18.011391,-102.455836
18.044582,-102.574446
18.047918,-102.607927
18.048336,-102.637509
18.050827,-102.6814
18.059164,-102.720291
18.067773,-102.750418
18.095273,-102.824309
18.130836,-102.9039
18.147773,-102.934455
18.160273,-102.954727
18.192636,-103.038336
18.196945,-103.0614
18.200064,-103.102927
18.272782,-103.357509
18.313609,-103.450009
18.3293,-103.478336
18.349445,-103.496673
18.380273,-103.509173
18.403327,-103.519446
18.438327,-103.538891
18.477773,-103.560836
18.497218,-103.575846
18.650554,-103.705564
18.673336,-103.725009
18.688073,-103.745482
18.693745,-103.755146
18.708609,-103.7764
18.766391,-103.839736
18.855273,-103.943618
18.877218,-103.971946
18.896382,-104.004464
18.905282,-104.025282
18.913609,-104.047236
18.944164,-104.136946
18.966664,-104.205291
19.0109,-104.317573
19.039373,-104.3298
19.0766,-104.3164
19.095273,-104.327791
19.108745,-104.371118
19.127218,-104.513064
19.147945,-104.592418
19.177354,-104.6759
19.251664,-104.805846
19.285136,-104.899036
19.315273,-104.951682
19.339445,-104.983609
19.371945,-105.022509
19.495282,-105.078609
19.558191,-105.099173
19.581527,-105.117655
19.606945,-105.169727
19.620273,-105.209173
19.677918,-105.268336
19.725064,-105.302855
19.758473,-105.318482
19.778473,-105.329318
19.85,-105.386946
19.879582,-105.414582
19.899236,-105.437646
19.922218,-105.456946
19.991109,-105.497791
20.021664,-105.515291
20.043891,-105.527791
20.090973,-105.5464
20.243327,-105.595573
20.349718,-105.662227
20.383054,-105.678336
20.424164,-105.675364
20.462218,-105.620009
20.475691,-105.594873
20.491245,-105.5514
20.494164,-105.496673
20.491527,-105.450564
20.519164,-105.335355
20.574645,-105.244727
20.6309,-105.235073
20.696664,-105.263882
20.699045,-105.266891
20.765482,-105.321809
20.773327,-105.343346
20.769864,-105.367236
20.754645,-105.407718
20.792573,-105.536191
21.022636,-105.312927
21.037773,-105.292364
21.042982,-105.258827
21.064718,-105.241391
21.085282,-105.232509
21.111109,-105.225155
21.233609,-105.213482
21.311664,-105.228055
21.4375,-105.189455
21.513745,-105.245846
21.520827,-105.276809
21.609373,-105.436391
21.634445,-105.4425
21.6575,-105.4414
21.698609,-105.457782
21.791945,-105.508618
21.873682,-105.558536
21.895827,-105.576946
21.9125,-105.596118
21.9275,-105.609455
21.950836,-105.628482
21.981245,-105.650273
22.002082,-105.656118
22.056109,-105.655564
22.134718,-105.645573
22.186664,-105.6389
22.223191,-105.636536
22.256945,-105.638064
22.286664,-105.640291
22.315273,-105.644182
22.342782,-105.649727
22.369445,-105.660146
22.430827,-105.690846
22.468364,-105.714573
22.513054,-105.730564
22.543891,-105.744746
22.635827,-105.799182
22.664027,-105.820427
22.758327,-105.919727
22.798609,-105.974164
22.816109,-106.000836
22.888054,-106.08
22.921664,-106.110291
22.956391,-106.139446
23.053609,-106.226673
23.178336,-106.370009
23.326109,-106.478618
23.354164,-106.493346
23.384445,-106.5114
23.4068,-106.527646
23.523054,-106.661664
23.629164,-106.785
23.649718,-106.803482
23.725827,-106.841136
23.781109,-106.868064
23.842918,-106.899318
23.865136,-106.9157
23.902218,-106.958346
23.945273,-107.001109
23.968054,-107.025146
23.982773,-107.043064
23.999445,-107.071118
24.224718,-107.388636
24.2525,-107.4225
24.328054,-107.522509
24.346382,-107.548073
24.358054,-107.566118
24.372354,-107.589455
24.401664,-107.650009
24.4239,-107.675282
24.471127,-107.727727
24.446727,-107.675755
24.431936,-107.653064
24.432,-107.630955
24.428245,-107.596409
24.452327,-107.590573
24.517209,-107.618036
24.511,-107.642082
24.489582,-107.653118
24.479745,-107.681827
24.516918,-107.748364
24.5375,-107.7489
24.587218,-107.808327
24.613609,-107.872791
24.630273,-107.931118
24.586109,-107.894182
24.555418,-107.851609
24.5275,-107.817264
24.582773,-107.9164
24.601109,-107.941964
24.6491,-107.995491
24.6725,-108.006673
24.735,-108.016682
24.751109,-107.996946
24.959509,-107.990009
24.9825,-108.011946
24.991954,-108.041855
24.950827,-108.044309
24.92,-108.028191
24.826345,-108.0475
24.821945,-108.104173
24.840418,-108.127791
24.936382,-108.1814
25.029445,-108.221264
24.981736,-108.1782
24.972364,-108.130146
25.012982,-108.096309
25.008054,-108.000836
25.033327,-108.007782
25.051391,-108.021391
25.073609,-108.042509
25.088473,-108.060282
25.108891,-108.095836
25.123882,-108.125836
25.159164,-108.243055
25.167218,-108.352509
25.141109,-108.394182
25.200136,-108.392509
25.2318,-108.406818
25.250273,-108.420564
25.263054,-108.436955
25.273891,-108.455836
25.314718,-108.558327
25.34,-108.616673
25.396664,-108.728618
25.434445,-108.762218
25.492564,-108.763755
25.5393,-108.765291
25.561664,-108.837782
25.549409,-108.896082
25.5225,-108.877082
25.501391,-108.879455
25.48,-108.886127
25.456109,-108.920009
25.462154,-109.031327
25.487218,-109.068336
25.526109,-109.1089
25.538664,-109.084727
25.563827,-109.0576
25.560164,-109.018236
25.559164,-108.991255
25.564445,-108.970291
25.6393,-108.901955
25.670273,-108.878346
25.793609,-108.834927
25.743609,-108.8764
25.6993,-108.897855
25.609664,-109.0416
25.600418,-109.076973
25.583054,-109.141046
25.613191,-109.1539
25.643745,-109.169173
25.738327,-109.307509
25.759064,-109.381882
25.820273,-109.4375
25.946527,-109.442782
26.005691,-109.4325
26.035273,-109.421809
26.064445,-109.402791
26.201664,-109.305555
26.162391,-109.284
26.263054,-109.229736
26.319445,-109.231664
26.342354,-109.205009
26.323954,-109.1648
26.304718,-109.160173
26.2625,-109.1739
26.224445,-109.123064
26.214791,-109.096046
26.283609,-109.1039
26.338309,-109.143718
26.367982,-109.154518
26.513336,-109.264718
26.715554,-109.444309
26.7643,-109.519927
26.750827,-109.554173
26.697354,-109.647355
26.6725,-109.677227
26.674164,-109.691818
26.679718,-109.717509
26.696109,-109.753891
26.7075,-109.772509
26.751527,-109.822091
26.823327,-109.866673
26.848609,-109.875555
26.870827,-109.880282
26.910554,-109.887509
26.974164,-109.898355
27.056664,-109.920909
27.093473,-109.949046
27.110764,-109.976255
27.1118,-110.023818
27.096873,-110.051809
27.136945,-110.225009
27.162218,-110.301964
27.184445,-110.335009
27.311664,-110.4464
27.371109,-110.529718
27.601945,-110.622218
27.635,-110.634036
27.662364,-110.634591
27.7575,-110.605291
27.832773,-110.555009
27.855,-110.511364
27.8875,-110.596682
27.916945,-110.789464
27.842782,-110.871673
27.9075,-110.960855
27.949164,-111.055846
27.938745,-111.082227
27.936945,-111.103336
28.035554,-111.216136
28.068054,-111.249736
28.0893,-111.267918
28.147218,-111.3064
28.177773,-111.325564
28.203609,-111.341946
28.375,-111.463346
28.403609,-111.534727
28.420554,-111.5789
28.443336,-111.640555
28.452773,-111.669727
28.468609,-111.696946
28.503609,-111.712509
28.535973,-111.725836
28.555554,-111.738064
28.592218,-111.766673
28.621109,-111.795836
28.639445,-111.822246
28.658336,-111.8475
28.739027,-111.934791
28.761664,-111.947246
28.787218,-111.917718
28.883891,-112.037227
28.966391,-112.115009
28.971391,-112.161946
29.058609,-112.176391
29.174718,-112.189727
29.260273,-112.196955
29.283054,-112.2014
29.306109,-112.213482
29.332045,-112.249664
29.335282,-112.288618
29.327636,-112.329455
29.421809,-112.389936
29.46,-112.377509
29.494927,-112.376182
29.554445,-112.425564
29.569445,-112.440564
29.591109,-112.471536
29.613054,-112.4939
29.712427,-112.576746
29.921664,-112.705836
29.971109,-112.735573
30.046109,-112.751682
30.135273,-112.749455
30.161945,-112.7489
30.203473,-112.754455
30.2275,-112.765555
30.4025,-112.858064
30.491664,-112.928073
30.577773,-113.002782
30.631382,-113.042509
30.658891,-113.061536
30.679445,-113.072773
30.698891,-113.081391
30.814582,-113.116191
30.842782,-113.109455
30.879718,-113.095836
31.053891,-113.049455
31.105,-113.037782
31.164927,-113.039027
31.229718,-113.091673
31.235418,-113.116809
31.233054,-113.137218
31.260554,-113.327791
31.284027,-113.475846
31.295827,-113.510836
31.331664,-113.589736
31.348609,-113.613618
31.390273,-113.622218
31.430973,-113.628755
31.455409,-113.625418
31.481391,-113.629036
31.502218,-113.644036
31.516245,-113.667782
31.580827,-113.821955
31.655691,-113.974691
31.572773,-113.970346
31.566945,-113.947355
31.532218,-113.975573
31.517773,-113.990573
31.497636,-114.020846
31.492636,-114.050146
31.495282,-114.130836
31.504445,-114.169727
31.522218,-114.217509
31.541664,-114.255
31.644864,-114.431536
31.6775,-114.482227
31.694164,-114.5025
31.711391,-114.518055
31.760409,-114.584518
31.767636,-114.6339
31.783054,-114.711673
31.822218,-114.808618
31.835554,-114.825009
31.903891,-114.928891
31.954427,-115.017246
31.96,-115.031146
31.910345,-115.013336
31.906182,-114.975836
31.89,-114.944591
31.871736,-114.922082
31.740273,-114.820009
31.664164,-114.786664
31.631873,-114.785836
31.613891,-114.808327
31.583473,-114.832927
31.554718,-114.8439
31.526391,-114.851118
31.501945,-114.855291
31.426109,-114.864182
31.229445,-114.878618
31.151664,-114.8807
31.126664,-114.874736
30.992009,-114.824791
30.968609,-114.786264
30.964718,-114.762509
30.942918,-114.720146
30.9275,-114.706391
30.838891,-114.689182
30.802218,-114.685564
30.734164,-114.691118
30.669582,-114.6957
30.645691,-114.692509
30.605136,-114.677373
30.586382,-114.663746
30.564164,-114.646391
30.483745,-114.625418
30.361945,-114.632782
30.273609,-114.642227
30.198609,-114.659727
30.139164,-114.628618
30.018609,-114.5564
30.001109,-114.545291
29.925827,-114.458891
29.828609,-114.396391
29.797427,-114.375764
29.762845,-114.300355
29.771664,-114.255282
29.761945,-114.212155
29.648891,-114.096391
29.615273,-114.064727
29.587773,-114.033618
29.496809,-113.914027
29.479445,-113.8864
29.463891,-113.848618
29.415827,-113.794173
29.284164,-113.667918
29.261664,-113.650846
29.102918,-113.545146
29.040727,-113.539309
28.951109,-113.544727
28.896245,-113.508755
28.892709,-113.457091
28.926591,-113.462018
28.952773,-113.451664
28.964164,-113.409309
28.941245,-113.362636
28.908609,-113.348346
28.882773,-113.348073
28.809718,-113.290282
28.829445,-113.2298
28.813818,-113.194927
28.780836,-113.176673
28.623882,-113.1389
28.559164,-113.129464
28.486454,-113.115909
28.443327,-113.039309
28.436527,-113.011127
28.436109,-112.982509
28.440827,-112.957227
28.449445,-112.9182
28.418509,-112.8632
28.361664,-112.870009
28.284164,-112.874027
28.263609,-112.866955
28.258609,-112.860836
28.228536,-112.820982
28.179064,-112.790636
28.127773,-112.794591
28.100554,-112.791673
28.031318,-112.778618
28.013609,-112.757782
27.999736,-112.723282
27.9834,-112.732227
27.8375,-112.753064
27.718818,-112.670491
27.630554,-112.572773
27.627773,-112.537227
27.615836,-112.493618
27.541382,-112.346673
27.502845,-112.317436
27.232773,-112.230009
27.133891,-112.094727
27.041382,-112.014182
27.005382,-112.029164
26.9175,-111.971682
26.844345,-111.914946
26.822473,-111.9092
26.768127,-111.902927
26.747845,-111.916673
26.726664,-111.908073
26.661945,-111.858609
26.5675,-111.765564
26.5525,-111.735073
26.569164,-111.710009
26.600591,-111.687509
26.654027,-111.722227
26.670554,-111.754464
26.704236,-111.803827
26.758327,-111.831682
26.853054,-111.856227
26.902082,-111.844991
26.893327,-111.809727
26.853609,-111.7489
26.809445,-111.697509
26.760691,-111.644455
26.739445,-111.598055
26.719654,-111.561882
26.665836,-111.559446
26.625554,-111.5625
26.585,-111.560291
26.5584,-111.552782
26.529718,-111.499309
26.338609,-111.398064
26.305554,-111.392155
26.290973,-111.408473
26.244864,-111.397791
26.201109,-111.383055
26.136527,-111.350009
26.026945,-111.343336
25.957145,-111.361118
25.844718,-111.325009
25.780282,-111.299727
25.5793,-111.167091
25.547009,-111.118473
25.5442,-111.064209
25.5218,-111.018955
25.474718,-111.016955
25.436382,-111.021536
25.414164,-111.0175
25.254164,-110.948055
25.173054,-110.911118
25.0941,-110.859873
25.063327,-110.8257
25.053609,-110.793327
25.042909,-110.770427
25.019718,-110.746673
24.896391,-110.686255
24.833609,-110.671109
24.803891,-110.667782
24.767773,-110.675291
24.739164,-110.686527
24.718054,-110.698055
24.682218,-110.723891
24.662773,-110.729736
24.634027,-110.733755
24.578327,-110.734173
24.542082,-110.730564
24.529445,-110.721946
24.515973,-110.714455
24.453745,-110.695009
24.426936,-110.695846
24.386873,-110.691182
24.333891,-110.657509
24.286245,-110.614582
24.217291,-110.495082
24.209164,-110.449173
24.208882,-110.420564
24.197327,-110.339673
24.185482,-110.306455
24.16,-110.340009
24.180345,-110.356891
24.181391,-110.395518
24.124164,-110.376536
24.115836,-110.354173
24.125409,-110.324173
24.157564,-110.310864
24.190618,-110.270836
24.225,-110.270282
24.259718,-110.285491
24.303473,-110.305418
24.342291,-110.289582
24.355973,-110.231809
24.348191,-110.210009
24.293609,-110.165282
24.192218,-110.040846
24.178054,-110.018336
24.164164,-110.003346
24.129164,-109.981673
24.096382,-109.974164
24.035554,-109.871946
24.012218,-109.799727
23.988054,-109.811955
23.945,-109.823618
23.922364,-109.824318
23.893054,-109.8125
23.870827,-109.783891
23.847918,-109.750073
23.823891,-109.721682
23.794582,-109.697636
23.768327,-109.700564
23.739718,-109.705
23.700836,-109.700009
23.679718,-109.694164
23.656664,-109.682509
23.643891,-109.658073
23.625827,-109.596246
23.620554,-109.575009
23.61,-109.543764
23.599445,-109.520846
23.575554,-109.478346
23.461245,-109.4075
23.3975,-109.400846
23.225827,-109.4389
23.159436,-109.485146
23.124582,-109.518755
23.110418,-109.543609
23.100827,-109.576946
23.091809,-109.603336
23.074718,-109.6364
23.053891,-109.665555
23.024718,-109.697018
22.998264,-109.701255
22.980554,-109.717509
22.913745,-109.819727
22.894718,-109.854173
22.866664,-109.923064
22.864445,-109.955282
22.871245,-109.978764
22.881945,-109.998191
22.906109,-110.028482
22.986664,-110.080564
23.012218,-110.090009
23.046109,-110.100146
23.120827,-110.115836
23.15,-110.120009
23.193327,-110.1264
23.223054,-110.1339
23.326873,-110.171746
23.560691,-110.311191
23.612782,-110.3739
23.632918,-110.404864
23.6475,-110.458891
23.668609,-110.520573
23.687982,-110.570491
23.731664,-110.634455
23.794718,-110.694455
23.91,-110.810009
24.093891,-111.0164
24.115,-111.046809
24.139718,-111.096682
24.203054,-111.221946
24.344654,-111.472436
24.3925,-111.5014
24.426245,-111.535836
